Filename,MAWA
audio/AMRE2330536380101.wav,
audio/AMRE_238038377_1701.wav,
audio/AMREFC1301.wav,
audio/AMRE_238039444_07201.wav,
audio/AMRE2330536360801.wav,
audio/AMRE_238039444_05301.wav,
audio/AMRE_238040120_07601.wav,
audio/AMREFC3601.wav,
audio/AMRE2330536360501.wav,
audio/AMRE_233054328_0801.wav,
audio/AMRE_238039079_02301.wav,
audio/AMRE_238040120_09601.wav,
audio/AMRE_238040120_09701.wav,
audio/AMRE_233054328_1401.wav,
audio/AMRE_238040120_11601.wav,
audio/AMREFC1801.wav,
audio/AMREFC2301.wav,
audio/AMRE_233054328_1301.wav,
audio/AMRE_238038290_0601.wav,
audio/AMRE_238039036_00101.wav,
audio/AMRE_233054328_0601.wav,
audio/AMRE_238040120_10601.wav,
audio/AMRE_238038290_b_0201.wav,
audio/AMRE_238039444_7801.wav,
audio/AMRE_238039079_03001.wav,
audio/AMREFC0101.wav,
audio/AMRE_238040120_07501.wav,
audio/AMRE_238038377_0801.wav,
audio/AMRE2330543281901.wav,
audio/AMREFC2001.wav,
audio/AMRE_233054328_2201.wav,
audio/AMRE_238039079_04301.wav,
audio/AMRE_238039039_00801.wav,
audio/AMREFC4701.wav,
audio/AMRE_233054328_1101.wav,
audio/AMRE_238040120_08401.wav,
audio/AMRE_233054533_3001.wav,
audio/AMRE_238038290_0201.wav,
audio/AMRE_238038377_2201.wav,
audio/AMREFC2601.wav,
audio/AMRE_233054328_0701.wav,
audio/AMRE_238039079_03701.wav,
audio/AMRE_238038377_0401.wav,
audio/AMRE_233054532_2701.wav,
audio/AMRE_238040120_10201.wav,
audio/AMRE2330536361401.wav,
audio/AMRE_238038377_0701.wav,
audio/AMRE_238038290_b_0301.wav,
audio/AMRE_238040120_08501.wav,
audio/AMRE_238039079_02601.wav,
audio/AMRE_238040120_10801.wav,
audio/AMRE_238038290_b_0401.wav,
audio/AMRE_238039444_7701.wav,
audio/AMRE_238039444_6501.wav,
audio/AMRE2330543280101.wav,
audio/AMRE_238040120_08201.wav,
audio/AMRE_238039444_5001.wav,
audio/AMRE_233054328_1901.wav,
audio/AMRE_238038377_0201.wav,
audio/AMRE_238039444_6301.wav,
audio/AMREFC4801.wav,
audio/AMRE2330536360701.wav,
audio/AMRE_238040120_08801.wav,
audio/AMREFC2801.wav,
audio/AMRE2330543280901.wav,
audio/AMRE_238040120_11001.wav,
audio/AMRE_233054328_0101.wav,
audio/AMRE_238039079_02801.wav,
audio/AMRE_233054328_0301.wav,
audio/AMRE_233054328_2301.wav,
audio/AMRE_238039444_05601.wav,
audio/AMRE_233054533_3101.wav,
audio/AMREFC3901.wav,
audio/AMRE_238038377_3101.wav,
audio/AMRE_238040099_0601.wav,
audio/AMREFC0301.wav,
audio/AMRE_233054328_1001.wav,
audio/AMRE_238040120_09501.wav,
audio/AMRE_238040120_10001.wav,
audio/AMRE_238040061_1301.wav,
audio/AMRE_233054328_1601.wav,
audio/AMRE_233054533_3401.wav,
audio/AMRE2330536360401.wav,
audio/AMRE_238039079_02001.wav,
audio/AMRE2330543280601.wav,
audio/AMRE_238039444_06701.wav,
audio/AMRE_238039079_02501.wav,
audio/AMRE_238039444_05401.wav,
audio/AMREFC0601.wav,
audio/AMRE2330543280801.wav,
audio/AMRE2330543280301.wav,
audio/AMRE2330543281601.wav,
audio/AMRE_238038377_3301.wav,
audio/AMRE_238038290_0501.wav,
audio/AMRE_238039444_4901.wav,
audio/AMRE_238039079_04701.wav,
audio/AMRE_233054328_0201.wav,
audio/AMREFC2901.wav,
audio/AMRE_238039444_05701.wav,
audio/AMRE_238039079_03901.wav,
audio/AMRE_238039444_06301.wav,
audio/AMRE_238039079_04801.wav,
audio/AMRE_238040120_07901.wav,
audio/AMRE2330536361501.wav,
audio/AMRE_238040120_11401.wav,
audio/AMRE_238039444_7901.wav,
audio/AMREFC0501.wav,
audio/AMRE_238038377_1401.wav,
audio/AMREFC4601.wav,
audio/AMRE_238039444_06601.wav,
audio/AMRE2330543280201.wav,
audio/AMRE_238038377_0901.wav,
audio/AMRE_238040120_11501.wav,
audio/AMRE2330536361001.wav,
audio/AMRE_238040120_08001.wav,
audio/AMRE2330536360601.wav,
audio/AMREFC5001.wav,
audio/AMRE2330543281101.wav,
audio/AMRE_238039444_7101.wav,
audio/AMRE_238039444_3701.wav,
audio/AMRE_233054328_2001.wav,
audio/AMRE_238039039_01101.wav,
audio/AMREFC4201.wav,
audio/AMRE_238040061_1101.wav,
audio/AMRE_233054533_4001.wav,
audio/AMRE_238039444_6701.wav,
audio/AMRE_238039444_06801.wav,
audio/AMRE_238039079_03601.wav,
audio/AMRE_238040120_10101.wav,
audio/AMRE_233054533_3701.wav,
audio/AMRE_238039079_01401.wav,
audio/AMRE_238040120_09901.wav,
audio/AMREFC3201.wav,
audio/AMRE_233054328_1701.wav,
audio/AMRE_238039444_7001.wav,
audio/AMRE_238039444_6901.wav,
audio/AMRE_238039444_4201.wav,
audio/AMRE_238040120_10301.wav,
audio/AMRE_238038290_0401.wav,
audio/AMRE_238039444_4701.wav,
audio/AMRE_238039444_3801.wav,
audio/AMRE_238040120_08901.wav,
audio/AMRE2330536361201.wav,
audio/AMREFC1201.wav,
audio/AMRE_238040120_09301.wav,
audio/AMRE_238039079_04601.wav,
audio/AMRE_238038290_0101.wav,
audio/AMRE_238038377_1901.wav,
audio/AMRE_238039079_03201.wav,
audio/AMRE_238039444_4101.wav,
audio/AMRE_238039079_01601.wav,
audio/AMRE_238040120_11101.wav,
audio/AMRE_233054328_1201.wav,
audio/AMRE_233054328_1801.wav,
audio/AMRE_238040120_08301.wav,
audio/AMRE_238039444_05501.wav,
audio/AMRE_238040061_0301.wav,
audio/AMREFC3001.wav,
audio/AMRE_238038377_2801.wav,
audio/AMRE_238039444_3601.wav,
audio/AMRE_238039079_03401.wav,
audio/AMRE_238039444_06001.wav,
audio/AMRE_238038377_2101.wav,
audio/AMREFC1601.wav,
audio/AMRE_238040061_0401.wav,
audio/AMREFC1401.wav,
audio/AMRE2330543281701.wav,
audio/AMRE_238039079_01701.wav,
audio/BAWWFC0101.wav,
audio/BAWWFC1901.wav,
audio/BAWWFC1001.wav,
audio/BAWWFC0301.wav,
audio/BAWWFC0201.wav,
audio/BAWWFC0801.wav,
audio/BAWWFC0501.wav,
audio/BAWWFC2301.wav,
audio/BAWWFC1501.wav,
audio/BAWWFC0901.wav,
audio/BAWWFC2701.wav,
audio/BAWWFC2101.wav,
audio/BBWAFC3001.wav,
audio/BBWA_235083120_0301.wav,
audio/BBWAFC3401.wav,
audio/BBWAFC4601.wav,
audio/BBWAFC4401.wav,
audio/BBWAFC3601.wav,
audio/BBWAFC3801.wav,
audio/BBWAFC1201.wav,
audio/BBWA_234047957_0401.wav,
audio/BBWA_235083120_0501.wav,
audio/BBWAFC2701.wav,
audio/BBWA_235083549_0901.wav,
audio/BBWA_235083549_0801.wav,
audio/BBWAFC2501.wav,
audio/BBWA_235083775_1501.wav,
audio/BBWA_235083775_1201.wav,
audio/BBWA_235083549_0301.wav,
audio/BBWA_235083120_0801.wav,
audio/BBWA_235083549_0701.wav,
audio/BBWAFC3901.wav,
audio/BBWAFC3301.wav,
audio/BBWAFC1301.wav,
audio/BBWAFC1601.wav,
audio/BBWA_234047957_0301.wav,
audio/BBWA_235083120_0901.wav,
audio/BBWAFC0901.wav,
audio/BBWAFC4201.wav,
audio/BBWAFC3201.wav,
audio/BBWA_235083549_0501.wav,
audio/BBWAFC2001.wav,
audio/BBWAFC2401.wav,
audio/BBWAFC0501.wav,
audio/BBWAFC0201.wav,
audio/BBWAFC4501.wav,
audio/BBWAFC0101.wav,
audio/BBWAFC1901.wav,
audio/BLBWFC1601.wav,
audio/BLBWFC2001.wav,
audio/BLBWFC5201.wav,
audio/BLBWFC4901.wav,
audio/BLBWFC6501.wav,
audio/BLBWFC3901.wav,
audio/BLBWFC2501.wav,
audio/BLBWFC8201.wav,
audio/BLBWFC1101.wav,
audio/BLBWFC5601.wav,
audio/BLBWFC7301.wav,
audio/BLBWFC5901.wav,
audio/BLBWFC5301.wav,
audio/BLBWFC1201.wav,
audio/BLBW_235083162_0301.wav,
audio/BLBWFC2301.wav,
audio/BLBWFC8001.wav,
audio/BLBWFC6101.wav,
audio/BLBWFC3501.wav,
audio/BLBWFC3801.wav,
audio/BLBWFC3701.wav,
audio/BLBWFC0201.wav,
audio/BLBWFC2601.wav,
audio/BLBWFC7101.wav,
audio/BLBW_235083162_0101.wav,
audio/BLBWFC4801.wav,
audio/BLBWFC7501.wav,
audio/BLBWFC4201.wav,
audio/BLBWFC5701.wav,
audio/BLBWFC5501.wav,
audio/BLBWFC5401.wav,
audio/BLBWFC3201.wav,
audio/BLBWFC7701.wav,
audio/BLBWFC2801.wav,
audio/BLBWFC7801.wav,
audio/BLBWFC0701.wav,
audio/BLBWFC4101.wav,
audio/BLBWFC7001.wav,
audio/BLBWFC4401.wav,
audio/BLBWFC3601.wav,
audio/BLBWFC4501.wav,
audio/BLBWFC2901.wav,
audio/BLBWFC2101.wav,
audio/BLPW_235084229_1601.wav,
audio/BLPW_235083926_1301.wav,
audio/BLPWFC1301.wav,
audio/BLPWFC2501.wav,
audio/BLPWFC1901.wav,
audio/BLPW_235084229_0801.wav,
audio/BLPWFC2101.wav,
audio/BLPWFC2901.wav,
audio/BLPWFC2001.wav,
audio/BLPWFC0801.wav,
audio/BLPW_235084229_1701.wav,
audio/BLPWFC1501.wav,
audio/BLPW_235084229_1901.wav,
audio/BLPWFC2701.wav,
audio/BLPWFC0601.wav,
audio/BLPW_235084229_1001.wav,
audio/BLPWFC0401.wav,
audio/BLPWFC2401.wav,
audio/BLPW_235083926_1201.wav,
audio/BLPWFC1801.wav,
audio/BLPW_235083926_1101.wav,
audio/BLPW_235084229_0701.wav,
audio/BLPWFC0301.wav,
audio/BLPW_235083378_0101.wav,
audio/BLPW_235084229_1301.wav,
audio/BLPWFC1701.wav,
audio/BTBW_235083195_4301.wav,
audio/BTBWFC_1601.wav,
audio/BTBW_235084201_0501.wav,
audio/BTBW_235039097_06201.wav,
audio/BTBW_235083195_5101.wav,
audio/BTBWFC_3001.wav,
audio/BTBWFC_5401.wav,
audio/BTBWFC_1401.wav,
audio/BTBW_235083850_09701.wav,
audio/BTBWFC_4201.wav,
audio/BTBW_235083195_3601.wav,
audio/BTBW_235083771_08701.wav,
audio/BTBW_235083195_5301.wav,
audio/BTBWFC_1801.wav,
audio/BTBWFC_4301.wav,
audio/BTBW_235083850_11301.wav,
audio/BTBWFC_2301.wav,
audio/BTBWFC_1001.wav,
audio/BTBW_235083002_0601.wav,
audio/BTBWFC_0201.wav,
audio/BTBW_235083850_10101.wav,
audio/BTBW_235083195_5201.wav,
audio/BTBW_235083235_0101.wav,
audio/BTBW_235083490_03401.wav,
audio/BTBW_235083490_04201.wav,
audio/BTBW_235083195_2901.wav,
audio/BTBW_235083771_07201.wav,
audio/BTBW_235083195_4601.wav,
audio/BTBWFC_4101.wav,
audio/BTBW_235083163_0401.wav,
audio/BTBW_235039097_06001.wav,
audio/BTBWFC_5301.wav,
audio/BTBW_235083850_10901.wav,
audio/BTBWFC_3801.wav,
audio/BTBW_235083724_05301.wav,
audio/BTBWFC_0901.wav,
audio/BTBW_235083490_04501.wav,
audio/BTBWFC_2601.wav,
audio/BTBW_235083163_0301.wav,
audio/BTBW_235039097_00601.wav,
audio/BTBW_235083850_10501.wav,
audio/BTBW_235084201_0301.wav,
audio/BTBW_235083490_03501.wav,
audio/BTBW_235083195_3201.wav,
audio/BTBW_235083235_0201.wav,
audio/BTBWFC_5101.wav,
audio/BTBW_235083002_0501.wav,
audio/BTBW_235083693_04701.wav,
audio/BTBW2340457330101.wav,
audio/BTBW_235083490_04301.wav,
audio/BTBWFC_3701.wav,
audio/BTBW_235083195_2701.wav,
audio/BTBW_235083195_1801.wav,
audio/BTBW_235083002_0401.wav,
audio/BTBW_235083195_0501.wav,
audio/BTBW_235083195_3401.wav,
audio/BTBW_235083195_0601.wav,
audio/BTBW_235083850_11401.wav,
audio/BTBW_235083163_0101.wav,
audio/BTBWFC_2001.wav,
audio/BTBW_235039097_00801.wav,
audio/BTBW_235083850_09501.wav,
audio/BTBW2340456810101.wav,
audio/BTBWFC_4801.wav,
audio/BTBWFC_4901.wav,
audio/BTBWFC_2401.wav,
audio/BTBW_235083850_10401.wav,
audio/BTBW_235083490_02801.wav,
audio/BTBW_235083195_4201.wav,
audio/BTBW_235083195_0301.wav,
audio/BTBW_235039097_00501.wav,
audio/BTBW_235084201_0701.wav,
audio/BTBWFC_2101.wav,
audio/BTBW_235083195_2801.wav,
audio/BTBWFC_3901.wav,
audio/BTBW_235083195_2501.wav,
audio/BTBW_235084201_0401.wav,
audio/BTBW_235083693_05001.wav,
audio/BTBW_235083771_07901.wav,
audio/BTBW_235039097_06401.wav,
audio/BTBW_235039097_01101.wav,
audio/BTBW_235083195_1101.wav,
audio/BTBW_235083490_02701.wav,
audio/BTBW_235083002_0701.wav,
audio/BTBW_235039097_06101.wav,
audio/BTBW_235083195_1901.wav,
audio/BTBW_235084201_1101.wav,
audio/BTBW_235039097_00901.wav,
audio/BTBW_235083195_4401.wav,
audio/BTBW_235039097_05801.wav,
audio/BTBWFC_3501.wav,
audio/BTBW_235083850_09901.wav,
audio/BTBW_235083195_0401.wav,
audio/BTBWFC_1901.wav,
audio/BTBW_235083195_4701.wav,
audio/BTBWFC_1301.wav,
audio/BTBW_235083850_10201.wav,
audio/BTBWFC_1701.wav,
audio/BTBW_235083195_3801.wav,
audio/BTBW_235039097_00101.wav,
audio/BTBW_235083850_11901.wav,
audio/BTBW_235083490_03701.wav,
audio/BTBWFC_3401.wav,
audio/BTBWFC_4001.wav,
audio/BTBW_235083195_4801.wav,
audio/BTBW_235083195_4101.wav,
audio/BTBW_235083850_11101.wav,
audio/BTBW_235083850_11001.wav,
audio/BTBWFC_2801.wav,
audio/BTBW_235083850_12201.wav,
audio/BTBWFC_4501.wav,
audio/BTBW_235083724_05401.wav,
audio/BTNW2330539220701.wav,
audio/BTNW1007040601.wav,
audio/BTNW_238039475_4201.wav,
audio/BTNW_238039126_01601.wav,
audio/BTNW_238039154_05201.wav,
audio/BTNW_238039358_13801.wav,
audio/BTNW_238039358_6901.wav,
audio/BTNW2330539220601.wav,
audio/BTNW_238039475_0801.wav,
audio/BTNW_238039268_07901.wav,
audio/BTNW_238039268_07501.wav,
audio/BTNW_238039475_2101.wav,
audio/BTNW_238039475_2301.wav,
audio/BTNW_238039475_0701.wav,
audio/BTNW2330535440701.wav,
audio/BTNW_238038326_1701.wav,
audio/BTNW_238038326_0401.wav,
audio/BTNW_238039358_12801.wav,
audio/BTNW_238039358_12301.wav,
audio/BTNW_238039358_11201.wav,
audio/BTNW_238039649_0301.wav,
audio/BTNW2330535441101.wav,
audio/BTNW_238039358_7601.wav,
audio/BTNW_238039649_0201.wav,
audio/BTNW_238039358_11601.wav,
audio/BTNW2330536280501.wav,
audio/BTNW_238039126_03201.wav,
audio/BTNW2330535430901.wav,
audio/BTNW_238039154_04901.wav,
audio/BTNW_238039358_09901.wav,
audio/BTNW2330536300101.wav,
audio/BTNW_238039126_02101.wav,
audio/BTNW_238039475_4001.wav,
audio/BTNWFC3001.wav,
audio/BTNWFC4801.wav,
audio/BTNW2330535440901.wav,
audio/BTNW_238039358_12001.wav,
audio/BTNWFC2001.wav,
audio/BTNW_238039358_6401.wav,
audio/BTNWFC0601.wav,
audio/BTNW2330536291601.wav,
audio/BTNW_238039358_2101.wav,
audio/BTNWFC5201.wav,
audio/BTNW_238038326_1501.wav,
audio/BTNWFC1701.wav,
audio/BTNW2330536291301.wav,
audio/BTNW_238038326_1001.wav,
audio/BTNW_238039358_13001.wav,
audio/BTNW_238039649_0401.wav,
audio/BTNW_238039268_09001.wav,
audio/BTNW_238039358_11501.wav,
audio/BTNWFC5101.wav,
audio/BTNWFC2101.wav,
audio/BTNW_238039268_07101.wav,
audio/BTNW_238039358_4601.wav,
audio/BTNW_238039154_04601.wav,
audio/BTNWFC4201.wav,
audio/BTNW_238039268_08301.wav,
audio/BTNW_238039268_08001.wav,
audio/BTNW_238039358_10701.wav,
audio/BTNWFC1301.wav,
audio/BTNW_238039475_4401.wav,
audio/BTNW_238039475_4501.wav,
audio/BTNW2330535440501.wav,
audio/BTNW_238039358_09501.wav,
audio/BTNW_238039358_5601.wav,
audio/BTNW_238039126_03001.wav,
audio/BTNW_238038326_0301.wav,
audio/BTNWFC4401.wav,
audio/BTNW2330536291401.wav,
audio/BTNW_238039358_13301.wav,
audio/BTNW_238039358_14101.wav,
audio/BTNWFC1401.wav,
audio/BTNW_238039268_07401.wav,
audio/BTNW_238039475_3301.wav,
audio/BTNW_238039154_05101.wav,
audio/BTNW_238039225_06301.wav,
audio/BTNW_238039358_5901.wav,
audio/BTNWFC0901.wav,
audio/BTNW2330535441201.wav,
audio/BTNW_238039126_03601.wav,
audio/BTNW2330536291101.wav,
audio/BTNW_238039126_00701.wav,
audio/BTNW_238039126_00201.wav,
audio/BTNW_238039475_3001.wav,
audio/BTNW_238039475_3501.wav,
audio/BTNWFC2801.wav,
audio/BTNW2330536291701.wav,
audio/BTNW1007040701.wav,
audio/BTNW_238039268_07301.wav,
audio/BTNW_238038326_1401.wav,
audio/BTNW_238039649_0501.wav,
audio/BTNW2330536290201.wav,
audio/BTNW_238039154_04201.wav,
audio/BTNW_238039358_10501.wav,
audio/BTNW_238039126_00301.wav,
audio/BTNWFC2601.wav,
audio/BTNW_238039475_1301.wav,
audio/BTNW_238039358_12401.wav,
audio/BTNWFC4601.wav,
audio/BTNW_238039358_7201.wav,
audio/BTNW_238039475_2501.wav,
audio/BTNW_238039126_00501.wav,
audio/BTNW_238039268_08101.wav,
audio/BTNW_238039126_02901.wav,
audio/BTNW_238039126_01301.wav,
audio/BTNW_238039154_05701.wav,
audio/BTNW_238039126_00601.wav,
audio/BTNWFC3501.wav,
audio/BTNW2330535441701.wav,
audio/BTNW_238039358_5301.wav,
audio/BTNWFC1201.wav,
audio/BTNW2330536290801.wav,
audio/BTNW_238039475_1801.wav,
audio/BTNW2330536290701.wav,
audio/BTNW_238039358_12901.wav,
audio/BTNW2330535431101.wav,
audio/BTNW_238039278_09301.wav,
audio/BTNW_238039268_08201.wav,
audio/BTNWFC3601.wav,
audio/BTNWFC0401.wav,
audio/BTNW_238039358_2801.wav,
audio/BTNW2330535440601.wav,
audio/BTNW_238039358_10401.wav,
audio/BTNW_238039358_10901.wav,
audio/BTNWFC4701.wav,
audio/BTNW_238039358_12701.wav,
audio/BTNW_238039268_07801.wav,
audio/BTNW_238039475_1901.wav,
audio/BTNWFC3401.wav,
audio/BTNW2330536291001.wav,
audio/BTNW2330536280401.wav,
audio/BTNWFC4001.wav,
audio/BTNWFC1001.wav,
audio/BTNWFC0501.wav,
audio/BTNW_238039154_05001.wav,
audio/BTNWFC2301.wav,
audio/BTNW_238039358_10001.wav,
audio/BTNW_238039358_5501.wav,
audio/BTNW2330539220101.wav,
audio/BTNWFC0801.wav,
audio/BTNW_238039358_13401.wav,
audio/BTNW_238039268_08701.wav,
audio/BTNW2330536291501.wav,
audio/BTNW_238039358_3601.wav,
audio/BTNW_238039358_13701.wav,
audio/BTNW_238039358_2701.wav,
audio/BTNW_238039475_1401.wav,
audio/BTNW_238039358_7301.wav,
audio/BTNW_238039358_10101.wav,
audio/BTNW_238039154_05501.wav,
audio/BTNWFC2201.wav,
audio/BTNW_238039358_3101.wav,
audio/BTNW_238039358_3001.wav,
audio/BTNW_238039358_5001.wav,
audio/BTNWFC2501.wav,
audio/BTNW_238039268_08801.wav,
audio/BTNW_238039475_0901.wav,
audio/BTNW_238039358_10601.wav,
audio/BTNW2330536291801.wav,
audio/BTNW_238039475_3901.wav,
audio/BTNW_238039126_02701.wav,
audio/BTNW2330536290601.wav,
audio/BTNW2330536290501.wav,
audio/BTNW_238039358_14001.wav,
audio/BTNW_238039126_02201.wav,
audio/BTNW_238039358_5701.wav,
audio/BTNW_238039358_6001.wav,
audio/BTNW_238039358_11901.wav,
audio/BTNW_238039126_00801.wav,
audio/BTNW_238039268_06901.wav,
audio/BTNW1007040801.wav,
audio/BTNW_238039126_01001.wav,
audio/BTNW_238039154_05401.wav,
audio/BTNW_238039126_02301.wav,
audio/BTNW_238039126_03701.wav,
audio/BTNW_238038326_0201.wav,
audio/BTNW_238039358_11301.wav,
audio/BTNWFC2701.wav,
audio/BTNW2330535442201.wav,
audio/BTNW_238039358_11101.wav,
audio/BTNW_238038326_0501.wav,
audio/BTNW_238039126_01701.wav,
audio/BTNW_238039358_2501.wav,
audio/BTNW_238039475_4101.wav,
audio/BTNW_238039225_06501.wav,
audio/BTNW2330535430801.wav,
audio/BTNW_238039126_00401.wav,
audio/BTYW_HY-M_2280192340201.wav,
audio/BTYW_HY-M_2280192340401.wav,
audio/BTYW-u220101.wav,
audio/BTYW_AZ_0201.wav,
audio/BTYW-u220501.wav,
audio/BTYW-u220301.wav,
audio/BTYW-u220401.wav,
audio/BTYW-u220201.wav,
audio/BTYW-u221101.wav,
audio/BTYW_AZ_0101.wav,
audio/BTYW-u221001.wav,
audio/BWWAFC3001.wav,
audio/BWWAFC2601.wav,
audio/BWWAFC2101.wav,
audio/BWWAFC2801.wav,
audio/BWWAFC1001.wav,
audio/BWWAFC0901.wav,
audio/BWWAFC2401.wav,
audio/BWWAFC2301.wav,
audio/BWWAFC0401.wav,
audio/BWWAFC2901.wav,
audio/BWWAFC0201.wav,
audio/BWWA_238038244_5701.wav,
audio/BWWAFC1101.wav,
audio/BWWAFC1401.wav,
audio/BWWAFC0601.wav,
audio/BWWA_238039084_0201.wav,
audio/BWWAFC1801.wav,
audio/BWWAFC1201.wav,
audio/BWWAFC3201.wav,
audio/BWWAFC0101.wav,
audio/CAWAFC0301.wav,
audio/CAWAFC0201.wav,
audio/CAWAFC0801.wav,
audio/CAWAFC0501.wav,
audio/CAWAFC1001.wav,
audio/CAWAFC0101.wav,
audio/CERWFC0101.wav,
audio/CERWFC1101.wav,
audio/CERWFC1701.wav,
audio/CERWFC0701.wav,
audio/CERWFC1801.wav,
audio/CERWFC0801.wav,
audio/CERWFC1301.wav,
audio/CERWFC1401.wav,
audio/CERWFC1001.wav,
audio/CMWAFC2101.wav,
audio/CMWAFC0201.wav,
audio/CMWA_235083593_8301.wav,
audio/CMWAFC6801.wav,
audio/CMWAFC5101.wav,
audio/CMWA_235083581_1301.wav,
audio/CMWAFC8201.wav,
audio/CMWAFC8501.wav,
audio/CMWAFC4201.wav,
audio/CMWAFC4601.wav,
audio/CMWA_235083593_7601.wav,
audio/CMWAFC7601.wav,
audio/CMWAFC6701.wav,
audio/CMWAFC6401.wav,
audio/CMWAFC1301.wav,
audio/CMWAFC5001.wav,
audio/CMWA_235083593_7301.wav,
audio/CMWAFC2201.wav,
audio/CMWAFC2701.wav,
audio/CMWAFC1601.wav,
audio/CMWAFC0901.wav,
audio/CMWAFC3401.wav,
audio/CMWAFC7301.wav,
audio/CMWA_235083581_0201.wav,
audio/CMWA_235083581_3001.wav,
audio/CMWA_235083593_8101.wav,
audio/CMWA_235083581_3301.wav,
audio/CMWAFC1801.wav,
audio/CMWAFC6501.wav,
audio/CMWA_235083593_7401.wav,
audio/CMWA_235083581_3701.wav,
audio/CMWAFC0501.wav,
audio/CMWA_235083581_2501.wav,
audio/CMWAFC4301.wav,
audio/CMWAFC2401.wav,
audio/CMWAFC4001.wav,
audio/CMWA_235083581_1701.wav,
audio/CMWAFC1901.wav,
audio/CMWA_235083581_4801.wav,
audio/CMWA_235083581_6801.wav,
audio/CMWA_235083581_3801.wav,
audio/CMWA_235083581_5101.wav,
audio/CMWAFC1401.wav,
audio/CMWAFC5901.wav,
audio/CMWA_235083581_6901.wav,
audio/CMWA_235083581_0101.wav,
audio/CMWAFC4401.wav,
audio/CMWA_235083581_1501.wav,
audio/CMWA_235083581_5501.wav,
audio/CMWAFC4801.wav,
audio/CMWAFC3801.wav,
audio/CMWA_235083581_2701.wav,
audio/CMWA_235084167_0201.wav,
audio/CMWAFC6301.wav,
audio/CMWA_235083581_1801.wav,
audio/CMWAFC0301.wav,
audio/CMWA_235083581_0601.wav,
audio/CMWAFC7001.wav,
audio/CMWA_235083581_6601.wav,
audio/CMWA_235083593_7501.wav,
audio/CMWA_235084167_0101.wav,
audio/CMWAFC3101.wav,
audio/CMWA_235083581_4601.wav,
audio/CMWA_235083581_3901.wav,
audio/CMWAFC4101.wav,
audio/CMWAFC1701.wav,
audio/CMWA_235083581_6501.wav,
audio/CMWA_235083581_4001.wav,
audio/CMWA_235083581_5701.wav,
audio/CMWA_235083581_3101.wav,
audio/CMWAFC5301.wav,
audio/CMWAFC4501.wav,
audio/CMWAFC6001.wav,
audio/CMWA_235083581_6301.wav,
audio/CMWAFC7201.wav,
audio/CMWAFC4701.wav,
audio/CMWA_235083581_2401.wav,
audio/CMWA_235083581_5001.wav,
audio/CMWA_235083581_2001.wav,
audio/CMWAFC2601.wav,
audio/CMWA_235083581_3401.wav,
audio/CMWA_235083581_0501.wav,
audio/CMWA_235083581_1401.wav,
audio/CMWA_235083593_8501.wav,
audio/CMWAFC3901.wav,
audio/CMWA_235083581_6701.wav,
audio/COLW_13July_0801.wav,
audio/COLW_13July_0101.wav,
audio/COLW_13July_0501.wav,
audio/COLW_13July_0601.wav,
audio/COLW_13July_0201.wav,
audio/CONWFC1401.wav,
audio/CONW_191114697_0501.wav,
audio/CONW_191114743_1801.wav,
audio/CONW_191114743_2601.wav,
audio/CONW_191114743_0701.wav,
audio/CONW_191114697_0301.wav,
audio/CONWFC1801.wav,
audio/CONW_191114697_0601.wav,
audio/CONWFC0801.wav,
audio/CONWFC1101.wav,
audio/CONWFC0401.wav,
audio/CONWFC1701.wav,
audio/CONW_191114743_2101.wav,
audio/CONW_191114743_1501.wav,
audio/CONWFC2401.wav,
audio/CONW_191114743_1201.wav,
audio/CONW_191114743_1401.wav,
audio/CONWFC2601.wav,
audio/CONW_191114697_0401.wav,
audio/CONW_191114743_2501.wav,
audio/CONW_191114743_0201.wav,
audio/CONW_191114697_0101.wav,
audio/CONWFC1901.wav,
audio/CONW_191114743_2801.wav,
audio/CONWFC0301.wav,
audio/CONW_191114743_1101.wav,
audio/CONW_191114743_0301.wav,
audio/CONW_191114743_0401.wav,
audio/CONWFC1201.wav,
audio/COYE_235083627_00501.wav,
audio/COYE_235083905_01801.wav,
audio/COYE_235083905_02201.wav,
audio/COYEFC2101.wav,
audio/COYEFC0501.wav,
audio/COYE_235083116_0301.wav,
audio/COYE_235083905_02701.wav,
audio/COYEFC0601.wav,
audio/COYEFC0901.wav,
audio/COYE_235083905_02401.wav,
audio/COYEFC1901.wav,
audio/COYE_235083116_0201.wav,
audio/COYE_235083627_00401.wav,
audio/COYEFC1501.wav,
audio/COYE_235083851_01201.wav,
audio/COYE_235083851_01301.wav,
audio/COYE_235083121_1301.wav,
audio/COYE_235083905_01601.wav,
audio/COYEFC0201.wav,
audio/COYEFC1101.wav,
audio/COYE_235083905_01901.wav,
audio/COYE_235083121_0701.wav,
audio/COYE_235083905_02501.wav,
audio/COYE_235083121_1201.wav,
audio/COYE_235083121_1501.wav,
audio/CSWA_235083493_06501.wav,
audio/CSWA_235083013_6401.wav,
audio/CSWA_235083512_03901.wav,
audio/CSWA_235040125_04201.wav,
audio/CSWA_235083013_2901.wav,
audio/CSWA_234047626_2001.wav,
audio/CSWA_235083493_05801.wav,
audio/CSWA_235040125_0601.wav,
audio/CSWA_235083493_05901.wav,
audio/CSWA_235083013_5201.wav,
audio/CSWA_235083013_5601.wav,
audio/CSWA_235083013_6601.wav,
audio/CSWA_235083013_4701.wav,
audio/CSWA_235083013_3001.wav,
audio/CSWA_235040125_1101.wav,
audio/CSWA_234047934_0101.wav,
audio/CSWA_235083110_9001.wav,
audio/CSWA_235040125_1901.wav,
audio/CSWA_235083110_8801.wav,
audio/CSWA_234083003_0901.wav,
audio/CSWA_235083332_02201.wav,
audio/CSWA_235040125_0301.wav,
audio/CSWA_235083101_7301.wav,
audio/CSWA_235040125_04501.wav,
audio/CSWA_235040125_1301.wav,
audio/CSWA_235083013_5001.wav,
audio/CSWAFC1601.wav,
audio/CSWAFC0401.wav,
audio/CSWA_235083101_7501.wav,
audio/CSWA_234083003_1101.wav,
audio/CSWA_235083110_9401.wav,
audio/CSWA_235040125_00501.wav,
audio/CSWA_234083003_1001.wav,
audio/CSWA_234083003_1201.wav,
audio/CSWA_235083013_5901.wav,
audio/CSWA_235083013_2701.wav,
audio/CSWA_235083013_5301.wav,
audio/CSWA_235083512_03801.wav,
audio/CSWA_235040125_0801.wav,
audio/CSWA_235083111_9901.wav,
audio/CSWA_235083101_7601.wav,
audio/CSWA_235083013_2301.wav,
audio/CSWA_235040125_04601.wav,
audio/CSWA_235083013_5501.wav,
audio/CSWA_235083013_6701.wav,
audio/CSWA_235083013_4101.wav,
audio/CSWA_235083013_2601.wav,
audio/CSWAFC1301.wav,
audio/CSWA_235083493_06101.wav,
audio/CSWA_235040125_04801.wav,
audio/CSWA_234047648_0101.wav,
audio/CSWA_235083013_3101.wav,
audio/CSWA_234083003_1501.wav,
audio/CSWA_235083101_7001.wav,
audio/CSWAFC1401.wav,
audio/CSWA_235083013_3201.wav,
audio/CSWA_235083332_02501.wav,
audio/CSWA_235083013_5401.wav,
audio/CSWA_235083101_6901.wav,
audio/CSWA_235083332_01901.wav,
audio/CSWAFC1701.wav,
audio/CSWA_235040125_01201.wav,
audio/CSWA_235040125_1601.wav,
audio/CSWA_235040125_0501.wav,
audio/CSWA_234047648_0801.wav,
audio/CSWA_235083013_4001.wav,
audio/CSWA_235040125_04401.wav,
audio/CSWA_235083332_2501.wav,
audio/CSWA_235040125_00601.wav,
audio/CSWA_235083493_06601.wav,
audio/CSWA_234047648_0701.wav,
audio/CSWA_234083003_1901.wav,
audio/CSWA_235083013_3701.wav,
audio/CSWA_235040125_1401.wav,
audio/CSWA_235083512_03001.wav,
audio/CSWA_235083013_4401.wav,
audio/CSWAFC1501.wav,
audio/CSWA_235040125_04901.wav,
audio/CSWA_235083013_3401.wav,
audio/CSWA_235083332_2601.wav,
audio/CSWA_235083332_2901.wav,
audio/CSWA_234083003_0801.wav,
audio/CSWA_235083512_03501.wav,
audio/CSWAFC1101.wav,
audio/CSWA_234083003_0001.wav,
audio/CSWA_235083110_9601.wav,
audio/CSWAFC0801.wav,
audio/CSWAFC2101.wav,
audio/CSWA_235083013_6501.wav,
audio/CSWA_235083512_03301.wav,
audio/CSWA_235040125_1001.wav,
audio/CSWA_235083013_5101.wav,
audio/CSWA_235083332_01801.wav,
audio/CSWA_234047934_0301.wav,
audio/CSWA_235083493_06301.wav,
audio/GCWAFC0801.wav,
audio/GCWAFC2101.wav,
audio/GCWAFC1601.wav,
audio/GCWAFC1701.wav,
audio/GCWAFC0101.wav,
audio/GCWAFC2201.wav,
audio/GCWAFC2601.wav,
audio/GCWAFC0901.wav,
audio/GCWAFC1801.wav,
audio/GCWAFC2901.wav,
audio/GCWAFC1301.wav,
audio/GCWAFC0201.wav,
audio/GCWAFC2401.wav,
audio/GCWAFC2701.wav,
audio/GRWA_HY-M_2330553723801.wav,
audio/GRWA2330554991101.wav,
audio/GRWA_HY-M_2330553723101.wav,
audio/GRWA-u222801.wav,
audio/GRWA_233055394_1801.wav,
audio/GRWA_HY-M_2330554180201.wav,
audio/GRWA_233055479_0201.wav,
audio/GRWA-u222901.wav,
audio/GRWA_233055385.wav,
audio/GRWA_233055499_0901.wav,
audio/GRWA_233055381_1101.wav,
audio/GRWA-u223401.wav,
audio/GRWA_233055374_0401.wav,
audio/GRWA_233055374_4501.wav,
audio/GRWA_233055394_1001.wav,
audio/GRWA_233055420_0201.wav,
audio/GRWA_233055389_0601.wav,
audio/GRWA-u226401.wav,
audio/GRWA_2330-55382_0801.wav,
audio/GRWA_HY-M_2330553723401.wav,
audio/GRWA_HY-M_2330553773301.wav,
audio/GRWA_233055381_0301.wav,
audio/GRWA_HY-M_2330553723201.wav,
audio/GRWA-u22AZ_0201.wav,
audio/GRWA_HY-M_2330553774101.wav,
audio/GRWA_HY-M_2330553775001.wav,
audio/GRWA_HY-M_2330554230101.wav,
audio/GRWA_HY-M_2330553771001.wav,
audio/GRWA-u224101.wav,
audio/GRWA_233055518_2401.wav,
audio/GRWA_233055452_1401.wav,
audio/GRWA_HY-M_2330553724701.wav,
audio/GRWA2330554990301.wav,
audio/GRWA2330554990701.wav,
audio/GRWA-u225001.wav,
audio/GRWA_HY-M_2330553723001.wav,
audio/GRWA_HY-F_2330554700601.wav,
audio/GRWA_233055394_1601.wav,
audio/GRWA_HY-M_2330553773101.wav,
audio/GRWA_HY-M_2330553731301.wav,
audio/GRWA_233055381_1201.wav,
audio/GRWA2330554990801.wav,
audio/GRWA_233055389_0101.wav,
audio/GRWA_233055381_0801.wav,
audio/GRWA_HY-M_2330554180301.wav,
audio/GRWA_HY-F_2330554700801.wav,
audio/GRWA_HY-M_2330555011101.wav,
audio/GRWA_HY-M_2330555011001.wav,
audio/GRWA_HY-M_2330553770901.wav,
audio/GRWA2330554990901.wav,
audio/GRWA-u223701.wav,
audio/GRWA_2330-55382_1001.wav,
audio/GRWA_233055381_0201.wav,
audio/GRWA-u226301.wav,
audio/GRWA_HY-M_2330553770301.wav,
audio/GRWA_HY-M_2330553774201.wav,
audio/GRWA_233055381_0401.wav,
audio/GRWA_HY-M_2330555010901.wav,
audio/GRWA_233055452_1001.wav,
audio/GRWA_VIWA_HY-F_233055450-GRWAtoo0501.wav,
audio/GRWA_HY-M_2330553770601.wav,
audio/GRWA-u223101.wav,
audio/GRWA_HY-F_2330553920201.wav,
audio/GRWA_2330-55382_0101.wav,
audio/GRWA_2330-55382_0401.wav,
audio/GRWA_233055374_3501.wav,
audio/GRWA-u224401.wav,
audio/GRWA_HY-M_2330554180101.wav,
audio/GRWA_HY-M_2330554180701.wav,
audio/GRWA_233055389_0501.wav,
audio/GRWA2330554990101.wav,
audio/GRWA_233055452_1101.wav,
audio/GRWA_233055469_1601.wav,
audio/GRWA_233055518_2301.wav,
audio/GRWA_233055469_2201.wav,
audio/GRWA_233055499_0401.wav,
audio/GRWA2330554991001.wav,
audio/GRWA_HY-M_2330555010801.wav,
audio/GRWA_233055499_0501.wav,
audio/GRWA-u222601.wav,
audio/GRWA_HY-M_2330553731201.wav,
audio/GRWA_HY-M_2330553772801.wav,
audio/GRWA_HY-M_2330555010101.wav,
audio/GRWA_233055389_0901.wav,
audio/GRWA-u223001.wav,
audio/GRWA_HY-M_2330553770701.wav,
audio/GRWA_233055499_0701.wav,
audio/GRWA_HY-M_2330553771201.wav,
audio/GRWA_2330-55382_0501.wav,
audio/GRWA-u226001.wav,
audio/GRWA-u222101.wav,
audio/GRWA-u223801.wav,
audio/GRWA-u226201.wav,
audio/GRWA_HY-M_2330554190501.wav,
audio/GRWA-u225101.wav,
audio/GRWA_233055381_0701.wav,
audio/GRWA_HY-F_2330554700701.wav,
audio/GRWA_HY-M_2330553723501.wav,
audio/GRWA_233055381_0501.wav,
audio/GRWA_HY-M_2330553770201.wav,
audio/GRWA_HY-M_2330554300101.wav,
audio/GRWA_HY-M_2330555010501.wav,
audio/GRWA_HY-M_2330553773501.wav,
audio/GRWA2330554990501.wav,
audio/GRWA_HY-M_2330553772601.wav,
audio/GRWA_233055452_1201.wav,
audio/GWWAFC0601.wav,
audio/GWWAFC1701.wav,
audio/GWWAFC2401.wav,
audio/GWWAFC0801.wav,
audio/GWWAFC0501.wav,
audio/GWWAFC0201.wav,
audio/GWWAFC3301.wav,
audio/GWWAFC1101.wav,
audio/GWWAFC0301.wav,
audio/GWWAFC3201.wav,
audio/GWWAFC2801.wav,
audio/GWWAFC1801.wav,
audio/GWWAFC2301.wav,
audio/GWWAFC0101.wav,
audio/GWWAFC2101.wav,
audio/GWWAFC0901.wav,
audio/HEWA_AZ2005_1501.wav,
audio/HEWA_AZ2005_1301.wav,
audio/HEWA_AZ2005_0301.wav,
audio/HEWA_AZ2005_2701.wav,
audio/HEWA-unknown0401.wav,
audio/HEWA_AZ2005_3101.wav,
audio/HEWA_AZ2005_1001.wav,
audio/HEWA_AZ2005_2101.wav,
audio/HEWA_AZ2005_0101.wav,
audio/HEWA_AZ2005_3001.wav,
audio/HEWA-unknown0301.wav,
audio/HEWA_AZ2005_0901.wav,
audio/HEWA_AZ2005_2001.wav,
audio/HEWA_AZ2005_0701.wav,
audio/HOWA_234084181_2501.wav,
audio/HOWA_235083969_08101.wav,
audio/HOWA_235083274a_0201.wav,
audio/HOWA_234047303_7701.wav,
audio/HOWA_234047303_2901.wav,
audio/HOWA_235083969_08401.wav,
audio/HOWA_234084181_2301.wav,
audio/HOWA_235083587_05301.wav,
audio/HOWA_235083261_0101.wav,
audio/HOWAFC1001.wav,
audio/HOWA_235083306_1001.wav,
audio/HOWA_234084181_1801.wav,
audio/HOWA_235083732_07201.wav,
audio/HOWA_235083257_0301.wav,
audio/HOWA_235083570_04001.wav,
audio/HOWA_234047303_3801.wav,
audio/HOWA_235083060_0301.wav,
audio/HOWA_234047303_3201.wav,
audio/HOWAFC0301.wav,
audio/HOWA_234084181_1901.wav,
audio/HOWA_234047303_2701.wav,
audio/HOWA_234047961_0101.wav,
audio/HOWA_235083587_05701.wav,
audio/HOWA_234084181_0101.wav,
audio/HOWA_235083311_1101.wav,
audio/HOWA_235083060_0201.wav,
audio/HOWA_234047303_1001.wav,
audio/HOWA_235083311_4901.wav,
audio/HOWA_235083306_0901.wav,
audio/HOWA_235083057_0101.wav,
audio/HOWA_235083306_0201.wav,
audio/HOWA_234047303_6401.wav,
audio/HOWA_234047303_5001.wav,
audio/HOWA_235083969_09001.wav,
audio/HOWA_235083311_4501.wav,
audio/HOWA_234084181_0401.wav,
audio/HOWA_234047303_0801.wav,
audio/HOWA_235083408_01601.wav,
audio/HOWA_235083570_04401.wav,
audio/HOWA_235083408_01901.wav,
audio/HOWA_234047303_1601.wav,
audio/HOWAFC0601.wav,
audio/HOWA_235083732_07301.wav,
audio/HOWA_234047303_4301.wav,
audio/HOWA_235083306_2801.wav,
audio/HOWA_234084181_0601.wav,
audio/HOWA_234047303_1701.wav,
audio/HOWA_234084181_1601.wav,
audio/HOWA_234047303_2101.wav,
audio/HOWA_235083306_0701.wav,
audio/HOWA_234047303_5401.wav,
audio/HOWA_234047303_2401.wav,
audio/HOWA_234047303_3501.wav,
audio/HOWA_235083099_0401.wav,
audio/HOWA_234047303_2301.wav,
audio/HOWA_234047303_5201.wav,
audio/HOWA_234084181_1701.wav,
audio/HOWA_234047303_1901.wav,
audio/HOWA_235083649_06301.wav,
audio/HOWA_234047303_6001.wav,
audio/HOWA_235083408_01801.wav,
audio/HOWA_235083311_4401.wav,
audio/HOWA_234047303_4901.wav,
audio/HOWA_235083649_06101.wav,
audio/HOWA_234084181_2601.wav,
audio/HOWA_235083043_0401.wav,
audio/HOWA_234047303_5601.wav,
audio/HOWA_235083570_04501.wav,
audio/HOWA_235083587_05101.wav,
audio/HOWA_235083570_04601.wav,
audio/HOWA_235083060_0501.wav,
audio/HOWAFC0101.wav,
audio/HOWA_234047303_5101.wav,
audio/HOWA_234047303_1401.wav,
audio/HOWA_234047303_0901.wav,
audio/HOWA_235083587_05501.wav,
audio/HOWA_235083311_1201.wav,
audio/HOWA_234047941_0101.wav,
audio/HOWA_234047303_3701.wav,
audio/HOWA_235083570_04701.wav,
audio/HOWA_234047303_0401.wav,
audio/HOWA_234047303_4501.wav,
audio/HOWA_234047303_4401.wav,
audio/HOWA_235083311_4301.wav,
audio/HOWA_234047303_6801.wav,
audio/HOWA_235083311_2901.wav,
audio/HOWA_234084181_2101.wav,
audio/HOWA_235083311_1301.wav,
audio/HOWA_235083969_08001.wav,
audio/HOWA_234047303_0501.wav,
audio/HOWA_234047303_2601.wav,
audio/HOWA_234084181_0301.wav,
audio/HOWA_234047303_0601.wav,
audio/HOWA_235083274a_0101.wav,
audio/HOWA_235083732_07001.wav,
audio/HOWA_235083570_04201.wav,
audio/KEWAFC0501.wav,
audio/KEWAFC0701.wav,
audio/KEWAFC0601.wav,
audio/KEWAFC0401.wav,
audio/KEWAFC0101.wav,
audio/LOWAFC0801.wav,
audio/LOWAFC0601.wav,
audio/LOWAFC0301.wav,
audio/LOWAFC1101.wav,
audio/LOWAFC0501.wav,
audio/LUWAApril20057701.wav,
audio/LUWAApril20052501.wav,
audio/LUWAApril20055001.wav,
audio/LUWAApril20058001.wav,
audio/LUWAApril20052401.wav,
audio/LUWAApril20056801.wav,
audio/LUWAApril20058501.wav,
audio/LUWAApril20058401.wav,
audio/LUWAApril20055801.wav,
audio/LUWAApril20054501.wav,
audio/LUWAApril20053801.wav,
audio/LUWAApril20058901.wav,
audio/LUWAApril20054001.wav,
audio/LUWAApril20055601.wav,
audio/LUWAApril20052101.wav,
audio/LUWAApril20053201.wav,
audio/LUWAApril20057001.wav,
audio/LUWAApril20051801.wav,
audio/LUWAApril20055301.wav,
audio/LUWAApril20056701.wav,
audio/LUWAApril20050401.wav,
audio/LUWAApril20057601.wav,
audio/LUWAApril20052801.wav,
audio/LUWAApril20057101.wav,
audio/LUWAApril20050301.wav,
audio/LUWAApril20054401.wav,
audio/LUWAApril20056001.wav,
audio/MAWA_238038238_1201.wav,1
audio/MAWA_238039328_071701.wav,1
audio/MAWA_238039353_090101.wav,1
audio/MAWA_238039234_057701.wav,1
audio/MAWA_238039125_033601.wav,1
audio/MAWA_238038238_3201.wav,1
audio/MAWA_238039353_089501.wav,1
audio/MAWA_238039120_029301.wav,1
audio/MAWA_233054748_0701.wav,1
audio/MAWA2330536111901.wav,1
audio/MAWA_238039234_056201.wav,1
audio/MAWA_238039125_034901.wav,1
audio/MAWA_238039120_026301.wav,1
audio/MAWA_238039328_068801.wav,1
audio/MAWA_233054539_0601.wav,1
audio/MAWA_238039390_095101.wav,1
audio/MAWA_233054653_4301.wav,1
audio/MAWA_238039199_051301.wav,1
audio/MAWA_238040078_9801.wav,1
audio/MAWA_238038300_0601.wav,1
audio/MAWA_238040019_0201.wav,1
audio/MAWA_238039120_028601.wav,1
audio/MAWA_238040019_3601.wav,1
audio/MAWA_238040078_4401.wav,1
audio/MAWA_238039328_070801.wav,1
audio/MAWA_238039287_067201.wav,1
audio/MAWA_238040065_0101.wav,1
audio/MAWA_238039485_1501.wav,1
audio/MAWA_238038238_3601.wav,1
audio/MAWA_238040078_9601.wav,1
audio/MAWA_238038238_1001.wav,1
audio/MAWA_238040067_104301.wav,1
audio/MAWA_238039086_016801.wav,1
audio/MAWA_238038306_2501.wav,1
audio/MAWA_238039272_061201.wav,1
audio/MAWA_238039199_051801.wav,1
audio/MAWA_233054725_1001.wav,1
audio/MAWA_238039071_008901.wav,1
audio/MAWA_233054569_1001.wav,1
audio/MAWA_238039128_038801.wav,1
audio/MAWA_238039353_8301.wav,1
audio/MAWA2330535840801.wav,1
audio/MAWA_238039199_050701.wav,1
audio/MAWA2330535850801.wav,1
audio/MAWAFC2701.wav,1
audio/MAWA_238039353_8501.wav,1
audio/MAWA_238039128_037801.wav,1
audio/MAWA_233054569_2401.wav,1
audio/MAWA_233054725_1101.wav,1
audio/MAWA_238039355_0501.wav,1
audio/MAWA_238038238_4001.wav,1
audio/MAWA_238039353_082701.wav,1
audio/MAWA_238039117_020001.wav,1
audio/MAWA_238038238_6901.wav,1
audio/MAWA_238039120_031401.wav,1
audio/MAWA_238040114_2601.wav,1
audio/MAWA_238039234_057401.wav,1
audio/MAWA_238039428_102901.wav,1
audio/MAWAFC0901.wav,1
audio/MAWA_238038303_0101.wav,1
audio/MAWA_238039234_055801.wav,1
audio/MAWA_233054569_1101.wav,1
audio/MAWA_238038289_0301.wav,1
audio/MAWA_238039287_065301.wav,1
audio/MAWA_238039353_089701.wav,1
audio/MAWA_238039428_103701.wav,1
audio/MAWA_233054653_2901.wav,1
audio/MAWA_233054580_0201.wav,1
audio/MAWA_238038256_1501.wav,1
audio/MAWA_238039272_060801.wav,1
audio/MAWA_238039335_076201.wav,1
audio/MAWA_238040078_3301.wav,1
audio/MAWA_238040078_2001.wav,1
audio/MAWA_238039411_100901.wav,1
audio/MAWA_233054748_0601.wav,1
audio/MAWA_238039118_024301.wav,1
audio/MAWAFC3001.wav,1
audio/MAWA_238039288_067701.wav,1
audio/MAWA_238039353_089801.wav,1
audio/MAWA_233054569_1301.wav,1
audio/MAWA_238039125_033801.wav,1
audio/MAWA_238039120_026101.wav,1
audio/MAWA_238038238_1401.wav,1
audio/MAWA_238039287_066201.wav,1
audio/MAWA_238040116_0101.wav,1
audio/MAWA_238039234_056401.wav,1
audio/MAWA_238039120_029001.wav,1
audio/MAWA_238040019_6201.wav,1
audio/MAWA_238039399_096801.wav,1
audio/MAWA_238040078_9501.wav,1
audio/MAWA_238039150_047101.wav,1
audio/MAWA_238040078_0501.wav,1
audio/MAWA2330535850401.wav,1
audio/MAWA_238038238_4501.wav,1
audio/MAWA_238039120_026701.wav,1
audio/MAWA_238039355_091501.wav,1
audio/MAWA_238040078_4601.wav,1
audio/MAWA_238038306_0601.wav,1
audio/MAWA_238039120_027101.wav,1
audio/MAWA_238039353_9001.wav,1
audio/MAWA_238039071_011901.wav,1
audio/MAWA_238038238_3001.wav,1
audio/MAWAFC3501.wav,1
audio/MAWA2330535840301.wav,1
audio/MAWA_238040019_6301.wav,1
audio/MAWA_238040078_9201.wav,1
audio/MAWAFC4401.wav,1
audio/MAWA_238038261_2301.wav,1
audio/MAWA_238039360_093301.wav,1
audio/MAWA_238040078_5701.wav,1
audio/MAWA_2380-38268.wav,1
audio/MAWA_238039118_022501.wav,1
audio/MAWA_238039360_092501.wav,1
audio/MAWA_238039120_031001.wav,1
audio/MAWA_238039128_038701.wav,1
audio/MAWA_238039353_7901.wav,1
audio/MAWA_238040067_104701.wav,1
audio/MAWA_238039272_058601.wav,1
audio/MAWA_238039355_2001.wav,1
audio/MAWA_238039120_030501.wav,1
audio/MAWA_238038398_1401.wav,1
audio/MAWA_238039272_058701.wav,1
audio/MAWA_238040116_1301.wav,1
audio/MAWA2330535840701.wav,1
audio/MAWA_238039288_067501.wav,1
audio/MAWA_238039199_052301.wav,1
audio/MAWA_233054569_0501.wav,1
audio/MAWA_238040019_6601.wav,1
audio/MAWA_238038306_1901.wav,1
audio/MAWA_238039411_098901.wav,1
audio/MAWA_238040019_2301.wav,1
audio/MAWA_238040116_0701.wav,1
audio/MAWA_238039234_057801.wav,1
audio/MAWA_233054569_0101.wav,1
audio/MAWA_238039117_019701.wav,1
audio/MAWA_238038261_0101.wav,1
audio/MAWA_238039071_012301.wav,1
audio/MAWA_238039128_036401.wav,1
audio/MAWA_238039283_063101.wav,1
audio/MAWA_238039355_090301.wav,1
audio/MAWA_238039287_065901.wav,1
audio/MAWA_238040065_1501.wav,1
audio/MAWA_238039071_008301.wav,1
audio/MAWA_233054539_0301.wav,1
audio/MAWA_238039287_065601.wav,1
audio/MAWA2330536111401.wav,1
audio/MAWA_238040019_0701.wav,1
audio/MAWA_238038398_0901.wav,1
audio/MAWA_238039234_057301.wav,1
audio/MAWA_238039234_055101.wav,1
audio/MAWA_238040078_8201.wav,1
audio/MAWA_238039328_069901.wav,1
audio/MAWA_233054569_0201.wav,1
audio/MAWA_238038256_1601.wav,1
audio/MAWA_238039125_034401.wav,1
audio/MAWA_238038256_1001.wav,1
audio/MAWA_238039353_8801.wav,1
audio/MAWA_238039328_069301.wav,1
audio/MAWA_238040065_1301.wav,1
audio/MAWA_238038300_0501.wav,1
audio/MAWA_238039118_024501.wav,1
audio/MAWA_238039118_023901.wav,1
audio/MAWA_238039410_097501.wav,1
audio/MAWA_238038282_1501.wav,1
audio/MAWA_238040078_2101.wav,1
audio/MAWA_238038238_5101.wav,1
audio/MAWA_238038261_1201.wav,1
audio/MAWA_238039128_037501.wav,1
audio/MAWA_238039282_081501.wav,1
audio/MAWA_238039234_053601.wav,1
audio/MAWA_238038306_2301.wav,1
audio/MAWA_238039150_046801.wav,1
audio/MAWA_238039353_085101.wav,1
audio/MAWA_238038306_2101.wav,1
audio/MAWA_238039282_079201.wav,1
audio/MAWA_238039360_4301.wav,1
audio/MAWA_238039353_9101.wav,1
audio/MAWA_238038238_5901.wav,1
audio/MAWA_238039353_085001.wav,1
audio/MAWA_238039272_061601.wav,1
audio/MAWA_238039199_050801.wav,1
audio/MAWA_238039150_047001.wav,1
audio/MAWA_238040065_2001.wav,1
audio/MAWA_238038238_1101.wav,1
audio/MAWA_238039086_015901.wav,1
audio/MAWA_238040078_5801.wav,1
audio/MAWAFC2601.wav,1
audio/MAWA_238039353_8101.wav,1
audio/MAWA_238038261_2001.wav,1
audio/MAWA_238039353_084801.wav,1
audio/MAWA_238039328_070301.wav,1
audio/MAWA_238039335_076801.wav,1
audio/MAWA_238038267_1301.wav,1
audio/MAWA_233054569_0701.wav,1
audio/MAWA_238039118_023801.wav,1
audio/MAWA_238039282_082101.wav,1
audio/MAWA_238038267_0801.wav,1
audio/MAWA_238039428_103601.wav,1
audio/MAWA_233054653_4401.wav,1
audio/MAWA_238039353_086001.wav,1
audio/MAWA_238040095_0401.wav,1
audio/MAWA_238039134_039601.wav,1
audio/MAWA_238040078_8101.wav,1
audio/MAWA_238039071_010401.wav,1
audio/MAWA_AMRE2330393553001.wav,1
audio/MAWA_238039353_7701.wav,1
audio/MAWA_238039287_066101.wav,1
audio/MAWA_238040019_4201.wav,1
audio/MAWA_238039234_057101.wav,1
audio/MAWA_238038261_0701.wav,1
audio/MAWA_238040019_1801.wav,1
audio/MAWA_238039120_029801.wav,1
audio/MAWA_238039288_068401.wav,1
audio/MAWA_233054653_1201.wav,1
audio/MAWA_238040103_0401.wav,1
audio/MAWA_238040078_8001.wav,1
audio/MAWA_238038238_4301.wav,1
audio/MAWA_238040114_105401.wav,1
audio/MAWA_238039411_100101.wav,1
audio/MAWA_233054653_0501.wav,1
audio/MAWA_238039118_023701.wav,1
audio/MAWA_238039328_069701.wav,1
audio/MAWA_238040114_105301.wav,1
audio/MAWA_238040078_3901.wav,1
audio/MAWA_238039128_037701.wav,1
audio/MAWA_238038261_0601.wav,1
audio/MAWA_238039360_092301.wav,1
audio/MAWA_238039071_009401.wav,1
audio/MAWA_238039353_086201.wav,1
audio/MAWA_238038256_1801.wav,1
audio/MAWA_238040019_0801.wav,1
audio/MAWA_238040116_0901.wav,1
audio/MAWA_238039272_062601.wav,1
audio/MAWA_238039328_071201.wav,1
audio/MAWA_233054653_1801.wav,1
audio/MAWA_238039287_066401.wav,1
audio/MAWA_238039335_077801.wav,1
audio/MAWA_238039234_055901.wav,1
audio/MAWA_238040019_3201.wav,1
audio/MAWA_238039117_019601.wav,1
audio/MAWA_238039353_083901.wav,1
audio/MAWA_238038256_0701.wav,1
audio/MAWA_238040078_0101.wav,1
audio/MAWA_238040078_0601.wav,1
audio/MAWAFC2301.wav,1
audio/MAWA_238039355_0101.wav,1
audio/MAWA_238039117_019901.wav,1
audio/MAWA_238039120_025901.wav,1
audio/MAWA_238039125_033501.wav,1
audio/MAWA_233054569_2301.wav,1
audio/MAWA_238039120_028501.wav,1
audio/MAWA_238040065_0701.wav,1
audio/MAWA_238038256_2301.wav,1
audio/MAWA_233054539_0901.wav,1
audio/MAWA_233054725_0101.wav,1
audio/MAWA_238038300_0201.wav,1
audio/MAWA_238039071_011701.wav,1
audio/MAWA_238039117_022101.wav,1
audio/MAWA_238039353_6601.wav,1
audio/MAWA_238039390_095801.wav,1
audio/MAWA_238039071_012201.wav,1
audio/MAWA_238040078_3601.wav,1
audio/MAWA_238039353_7201.wav,1
audio/MAWA_238038397_0801.wav,1
audio/MAWA_238039272_062301.wav,1
audio/MAWA_238039288_068301.wav,1
audio/MAWA_238038238_0201.wav,1
audio/MAWAFC2501.wav,1
audio/MAWA_238039360_5001.wav,1
audio/MAWA_238039234_053501.wav,1
audio/MAWA_238039086_015601.wav,1
audio/MAWA_238040065_1901.wav,1
audio/MAWA_238038256_1201.wav,1
audio/MAWA_238039353_8601.wav,1
audio/MAWA_238039234_056301.wav,1
audio/MAWA_238038398_0501.wav,1
audio/MAWA_238039328_070401.wav,1
audio/MAWA_233054569_3101.wav,1
audio/MAWA_238038238_4201.wav,1
audio/MAWA_238039120_026501.wav,1
audio/MAWA_238038300_0701.wav,1
audio/MAWA_238039411_099401.wav,1
audio/MAWA_238039086_016701.wav,1
audio/MAWA_238038238_5701.wav,1
audio/MAWA_238039117_021801.wav,1
audio/MAWA2330535840101.wav,1
audio/MAWA_238039411_099201.wav,1
audio/MAWA_238039120_031201.wav,1
audio/MAWA_238038261_1701.wav,1
audio/MAWA_238039199_051701.wav,1
audio/MAWAFC1001.wav,1
audio/MAWA_238039120_031301.wav,1
audio/MAWA_238038238_3801.wav,1
audio/MAWA_238039355_091901.wav,1
audio/MAWA_238039311_072001.wav,1
audio/MAWA_233054569_2101.wav,1
audio/MAWA_238039360_5901.wav,1
audio/MAWA_238038306_1601.wav,1
audio/MAWA_238039234_054901.wav,1
audio/MAWAFC1201.wav,1
audio/MAWA_238039070_006501.wav,1
audio/MAWA_238039335_077301.wav,1
audio/MAWA_238039355_2201.wav,1
audio/MAWA_233054653_2801.wav,1
audio/MAWA_238039120_028801.wav,1
audio/MAWA_238039390_095601.wav,1
audio/MAWA_238040114_2501.wav,1
audio/MAWA_238039288_068201.wav,1
audio/MAWA_238039071_008401.wav,1
audio/MAWA_238040068_0301.wav,1
audio/MAWA_238039353_9401.wav,1
audio/MAWA_233054653_4701.wav,1
audio/MAWA_238038398_0301.wav,1
audio/MAWA2330536111701.wav,1
audio/MAWA_238039272_062101.wav,1
audio/MAWA_238039199_052201.wav,1
audio/MAWA_238039328_069201.wav,1
audio/MAWA_238039086_016501.wav,1
audio/MAWA_238039328_069501.wav,1
audio/MAWA_238039120_028401.wav,1
audio/MAWA_238039128_038101.wav,1
audio/MAWA_238038256_0301.wav,1
audio/MAWA_238038397_1001.wav,1
audio/MAWA_238038306_0201.wav,1
audio/MAWA_238040078_4501.wav,1
audio/MAWA_238040065_0801.wav,1
audio/MAWA_238039234_053901.wav,1
audio/MAWA_238038306_0301.wav,1
audio/MAWA_238039428_102801.wav,1
audio/MAWA_233054539_0701.wav,1
audio/MAWA_238038261_1301.wav,1
audio/MAWA_238040078_6801.wav,1
audio/MAWA_238039199_050401.wav,1
audio/MAWA_238040078_6601.wav,1
audio/MAWA_238039117_020101.wav,1
audio/MAWA_238038261_2201.wav,1
audio/MAWA_238039360_6101.wav,1
audio/MAWAFC3301.wav,1
audio/MAWA_238040114_2801.wav,1
audio/MAWA_233054569_0601.wav,1
audio/MAWA_238040078_0701.wav,1
audio/MAWA_238039428_103001.wav,1
audio/MAWA_233054725_1801.wav,1
audio/MAWA_238039150_046701.wav,1
audio/MAWA_238040078_8801.wav,1
audio/MAWA2330536111301.wav,1
audio/MAWA_2380-38330.wav,1
audio/MAWA_233054653_5401.wav,1
audio/MAWA_238039355_0701.wav,1
audio/MAWA_233054569_1601.wav,1
audio/MAWA_233054580_0301.wav,1
audio/MAWA_238039128_036701.wav,1
audio/MAWA2330536112101.wav,1
audio/MAWA_238039148_043201.wav,1
audio/MAWA2330535850701.wav,1
audio/MAWA_238039353_088601.wav,1
audio/MAWA2330536111601.wav,1
audio/MAWA_238039120_026601.wav,1
audio/MAWA_238039125_032301.wav,1
audio/MAWA_238040065_1601.wav,1
audio/MAWA_238039120_029201.wav,1
audio/MAWA_238040114_105701.wav,1
audio/MAWA_238039282_080001.wav,1
audio/MAWA_238039272_058201.wav,1
audio/MAWA_238038397_0201.wav,1
audio/MAWA_233054653_0301.wav,1
audio/MAWA_238038238_0701.wav,1
audio/MAWA_238039353_083301.wav,1
audio/MAWA_238039272_060901.wav,1
audio/MAWA_238039118_022601.wav,1
audio/MAWA_238038399_0501.wav,1
audio/MAWA_238038300_0301.wav,1
audio/MAWA_238039272_058401.wav,1
audio/MAWA_238039118_023101.wav,1
audio/MAWA_238038289_0201.wav,1
audio/MAWA2330536111801.wav,1
audio/MAWA_238039360_6001.wav,1
audio/MAWA_238038397_0901.wav,1
audio/MAWA_238039428_102701.wav,1
audio/MAWA2330535840401.wav,1
audio/MAWA_238039410_097801.wav,1
audio/MAWA_238039071_010001.wav,1
audio/MAWA2330537170401.wav,1
audio/MAWA_238039353_6801.wav,1
audio/MAWA_238039353_7501.wav,1
audio/MAWA_238039138_040801.wav,1
audio/MAWA_233054569_1401.wav,1
audio/MAWA_238039125_032401.wav,1
audio/MAWA_238039071_009301.wav,1
audio/MAWA_238040078_1901.wav,1
audio/MAWA_238039128_038201.wav,1
audio/MAWA_238039411_100301.wav,1
audio/MAWA_238039148_043101.wav,1
audio/MAWA_238038306_0501.wav,1
audio/MAWAFC1901.wav,1
audio/MAWA_238039118_022401.wav,1
audio/MAWA_238038238_0601.wav,1
audio/MAWA_238038238_7301.wav,1
audio/MAWA_238039399_096901.wav,1
audio/MAWA_238038238_2601.wav,1
audio/MAWA_AMRE2330393556201.wav,1
audio/MAWA_238038282_0201.wav,1
audio/MAWA_238039086_016301.wav,1
audio/MAWA_238040114_105201.wav,1
audio/MAWA_238039355_0901.wav,1
audio/MAWA_238040114_105901.wav,1
audio/MAWA_238039086_015801.wav,1
audio/MAWAFC5001.wav,1
audio/MAWA_238039117_020301.wav,1
audio/MAWA_238039234_055001.wav,1
audio/MAWA_238039120_031601.wav,1
audio/MAWA_233054653_1301.wav,1
audio/MAWA_238039118_024201.wav,1
audio/MAWA_233054653_4201.wav,1
audio/MAWA_233054725_1401.wav,1
audio/MAWA_238040116_1101.wav,1
audio/MAWA_238039282_082001.wav,1
audio/MAWA_238038267_0901.wav,1
audio/MAWA_238039353_084601.wav,1
audio/MAWA_238039335_077701.wav,1
audio/MAWA_238038397_0401.wav,1
audio/MAWA_238039282_082501.wav,1
audio/MAWA_238039071_010101.wav,1
audio/MAWA_238038306_2201.wav,1
audio/MAWA_238038399_1201.wav,1
audio/MAWA_238040078_3201.wav,1
audio/MAWA_238038238_4101.wav,1
audio/MAWA_238038238_5201.wav,1
audio/MAWA_238040065_1101.wav,1
audio/MAWA_238038238_1301.wav,1
audio/MAWA_233054512_0101.wav,1
audio/MAWA_233054653_5101.wav,1
audio/MAWA_238039353_9501.wav,1
audio/MAWA_238039335_076501.wav,1
audio/MAWA_233054653_4501.wav,1
audio/MAWA_238039125_034601.wav,1
audio/MAWA_238039086_016401.wav,1
audio/MAWA2330536112201.wav,1
audio/MAWA_238038282_1201.wav,1
audio/MAWA_238039282_078901.wav,1
audio/MAWA_238039360_4901.wav,1
audio/MAWA_238039148_043001.wav,1
audio/MAWA_238039125_033901.wav,1
audio/MAWA_238039328_071501.wav,1
audio/MAWA_238038238_0401.wav,1
audio/MAWA_238038256_0501.wav,1
audio/MAWA_238039071_009901.wav,1
audio/MAWA_238039272_062501.wav,1
audio/MAWA_238039355_092201.wav,1
audio/MAWA_233054653_0401.wav,1
audio/MAWA_238038398_1001.wav,1
audio/MAWA_238040019_0101.wav,1
audio/MAWA_238039119_025101.wav,1
audio/MAWA_238038261_1601.wav,1
audio/MAWA_238039199_050301.wav,1
audio/MAWA_233054653_1101.wav,1
audio/MAWA_238038261_0401.wav,1
audio/MAWA_238039272_058801.wav,1
audio/MAWA_238039355_0401.wav,1
audio/MAWA_238039353_7001.wav,1
audio/MAWA_233054653_3501.wav,1
audio/MAWA_238039390_095401.wav,1
audio/MAWA_238038238_3701.wav,1
audio/MAWA_238039431_103801.wav,1
audio/MAWA_238040078_1301.wav,1
audio/MAWA_238038398_0601.wav,1
audio/MAWA_238038267_0101.wav,1
audio/MAWA_238039120_029701.wav,1
audio/MAWA_238039128_037001.wav,1
audio/MAWA_233054539_0201.wav,1
audio/MAWA_238040078_8301.wav,1
audio/MAWA_238039335_076401.wav,1
audio/MAWA_238039234_057001.wav,1
audio/MAWA_238039360_3901.wav,1
audio/MAWA_238039353_083701.wav,1
audio/MAWA_238039411_099301.wav,1
audio/MAWA_238039328_069401.wav,1
audio/MAWA_238040067_104901.wav,1
audio/MAWA_238039353_6201.wav,1
audio/MAWA_238040019_2701.wav,1
audio/MAWA_238039120_029901.wav,1
audio/MAWA_238039353_083601.wav,1
audio/MAWA_233054653_1901.wav,1
audio/MAWA_233054653_4601.wav,1
audio/MAWA_238039117_022201.wav,1
audio/MAWA_238039120_031801.wav,1
audio/MAWA_238038256_0601.wav,1
audio/MAWA_238039283_062901.wav,1
audio/MAWA_238039410_098001.wav,1
audio/MAWA_238038306_2401.wav,1
audio/MAWA_238039353_7401.wav,1
audio/MAWA_238039272_062001.wav,1
audio/MAWA_238039150_047401.wav,1
audio/MAWA_238039272_061501.wav,1
audio/MAWA_238038256_2501.wav,1
audio/MAWA_238040019_1701.wav,1
audio/MAWA_238038238_5501.wav,1
audio/MAWA_233054653_2401.wav,1
audio/MAWA_238039353_086401.wav,1
audio/MAWA_238039411_100801.wav,1
audio/MAWA_238039353_088201.wav,1
audio/MAWA_238039355_092001.wav,1
audio/MAWA_238038261_0901.wav,1
audio/MAWA_238038261_1401.wav,1
audio/MAWA_238039355_2301.wav,1
audio/MAWA_233054653_2001.wav,1
audio/MAWA_233054569_1201.wav,1
audio/MAWA_233054539_0501.wav,1
audio/MAWA_238039120_030601.wav,1
audio/MAWAFC0501.wav,1
audio/MAWA_238039120_025701.wav,1
audio/MAWA_238039234_056101.wav,1
audio/MAWA_238039353_086701.wav,1
audio/MAWA_238038282_0101.wav,1
audio/MAWA_238039360_4201.wav,1
audio/MAWA_238038300_0101.wav,1
audio/MAWA_238039282_081801.wav,1
audio/MAWA_233054569_1801.wav,1
audio/MAWA_238039355_2101.wav,1
audio/MAWA_238040019_1201.wav,1
audio/MAWA_238039411_099701.wav,1
audio/MAWA_238039086_016101.wav,1
audio/MAWA2330535851501.wav,1
audio/MAWA_238039120_031101.wav,1
audio/MAWA_238039120_025801.wav,1
audio/MAWAFC1801.wav,1
audio/MAWA_238040047_0301.wav,1
audio/MAWA_233054725_1301.wav,1
audio/MAWA_233054748_1101.wav,1
audio/MAWA_238039071_008201.wav,1
audio/MAWA_238040067_104601.wav,1
audio/MAWA_238039411_100401.wav,1
audio/MAWA_238039335_077001.wav,1
audio/MAWA_238039086_015301.wav,1
audio/MAWA_238039120_027301.wav,1
audio/MAWA_238039311_071901.wav,1
audio/MAWA_238039411_100701.wav,1
audio/MAWA_238038398_0401.wav,1
audio/MAWA_238039353_8901.wav,1
audio/MAWA_238039118_024001.wav,1
audio/MAWA_238039119_025601.wav,1
audio/MAWA_238039335_077201.wav,1
audio/MAWA_238039128_037101.wav,1
audio/MAWA_238039150_046901.wav,1
audio/MAWA_238039355_090201.wav,1
audio/MAWAFC0601.wav,1
audio/MAWA_238039390_096501.wav,1
audio/MAWA_238039234_054201.wav,1
audio/MAWA_238038256_1401.wav,1
audio/MAWA2330535851001.wav,1
audio/MAWA_238039354_3601.wav,1
audio/MAWA_238039282_080201.wav,1
audio/MAWA_238039287_065701.wav,1
audio/MAWA2330537170301.wav,1
audio/MAWA_238040078_5401.wav,1
audio/MAWA_238039410_097401.wav,1
audio/MAWA_238039353_086601.wav,1
audio/MAWA_238039120_026201.wav,1
audio/MAWA_238039234_054501.wav,1
audio/MAWA_238040114_105601.wav,1
audio/MAWA_238039125_032901.wav,1
audio/MAWA_238039127_035201.wav,1
audio/MAWAFC4901.wav,1
audio/MAWA_238039353_088101.wav,1
audio/MAWA_238039120_027201.wav,1
audio/MAWA_233054653_0801.wav,1
audio/MAWA_238039128_036601.wav,1
audio/MAWA_233054569_1701.wav,1
audio/MAWA_238039199_051001.wav,1
audio/MAWA_238038238_0901.wav,1
audio/MAWA_233054748_0201.wav,1
audio/MAWA_238038261_2601.wav,1
audio/MAWA_238038306_0701.wav,1
audio/MAWA_238040078_2701.wav,1
audio/MAWA_238039411_100001.wav,1
audio/MAWA_238038397_0301.wav,1
audio/MAWA_238038238_6401.wav,1
audio/MAWA_238039353_084701.wav,1
audio/MAWA_238040078_7501.wav,1
audio/MAWA_238039283_062801.wav,1
audio/MAWA_238039120_032201.wav,1
audio/MAWA_238039125_034301.wav,1
audio/MAWA_238040078_8401.wav,1
audio/MAWA_238038256_0801.wav,1
audio/MAWA_238039399_097101.wav,1
audio/MAWA_238039128_039001.wav,1
audio/MAWA_238039390_095201.wav,1
audio/MAWA_238040103_0201.wav,1
audio/MAWA_238039118_024101.wav,1
audio/MAWA_238039411_099501.wav,1
audio/MAWA_238038282_0901.wav,1
audio/MAWA_238040067_105001.wav,1
audio/MAWA_238039137_040301.wav,1
audio/MAWA_238040067_104401.wav,1
audio/MAWA_233054748_0301.wav,1
audio/MAWA_238039328_069101.wav,1
audio/MAWA_238039353_9801.wav,1
audio/MAWA_238039353_7301.wav,1
audio/MAWA_238040065_1001.wav,1
audio/MAWA_238038256_0201.wav,1
audio/MAWA_238038238_1701.wav,1
audio/MAWA_238039428_103301.wav,1
audio/MAWA_238038267_0401.wav,1
audio/MAWA_238040022_0301.wav,1
audio/MAWA_238038238_2301.wav,1
audio/MAWA_238039150_047501.wav,1
audio/MAWA_238039436_104101.wav,1
audio/MAWA_233054653_0901.wav,1
audio/MAWA_238038399_0401.wav,1
audio/MAWA_238040095_0701.wav,1
audio/MAWA_238040078_2801.wav,1
audio/MAWA_238039234_053701.wav,1
audio/MAWA_233054725_1701.wav,1
audio/MAWA_238039411_101001.wav,1
audio/MAWA_233054569_2901.wav,1
audio/MAWA_238038306_2001.wav,1
audio/MAWA_238039137_040201.wav,1
audio/MAWA_238039120_029401.wav,1
audio/MAWA_238038261_0801.wav,1
audio/MAWAFC4201.wav,1
audio/MAWA_233054725_0201.wav,1
audio/MAWA_238040065_1801.wav,1
audio/MAWA_238040065_1701.wav,1
audio/MAWA_238038238_2701.wav,1
audio/MAWA_238038238_3301.wav,1
audio/MAWA_238038238_0501.wav,1
audio/MAWA_238039199_051201.wav,1
audio/MAWA_238039125_033301.wav,1
audio/NAWA_238039105_01801.wav,
audio/NAWA_238039427_34701.wav,
audio/NAWA_238039418_23901.wav,
audio/NAWA_238039427_34501.wav,
audio/NAWA_238039250_07901.wav,
audio/NAWA5201.wav,
audio/NAWA_238039388_17901.wav,
audio/NAWA_238039427_33101.wav,
audio/NAWA_238039394_1501.wav,
audio/NAWA_238039280_10901.wav,
audio/NAWA1801.wav,
audio/NAWA_238039280_11401.wav,
audio/NAWA_238039427_26501.wav,
audio/NAWA_238039100_00801.wav,
audio/NAWA_238039394_2701.wav,
audio/NAWA3201.wav,
audio/NAWA_238039514_0601.wav,
audio/NAWA_238039427_30301.wav,
audio/NAWA_238039427_32001.wav,
audio/NAWA_238039466_6601.wav,
audio/NAWA_238039280_11601.wav,
audio/NAWA0501.wav,
audio/NAWA_238039427_31401.wav,
audio/NAWA_238039237_07701.wav,
audio/NAWA0701.wav,
audio/NAWA_238039427_26701.wav,
audio/NAWA_238039402_22101.wav,
audio/NAWA_238039280_12301.wav,
audio/NAWA_238039427_28801.wav,
audio/NAWA_238039402_22001.wav,
audio/NAWA_238039514_0501.wav,
audio/NAWA_238039427_32701.wav,
audio/NAWA_238039280_12101.wav,
audio/NAWA_238039427_30701.wav,
audio/NAWA_238039427_30201.wav,
audio/NAWA_238039514_0401.wav,
audio/NAWA2601.wav,
audio/NAWA1901.wav,
audio/NAWA_238039375_15601.wav,
audio/NAWA_238039466_5101.wav,
audio/NAWA_238039100_00701.wav,
audio/NAWA_238039388_18101.wav,
audio/NAWA_238039427_30601.wav,
audio/NAWA1301.wav,
audio/NAWA_238039105_02701.wav,
audio/NAWA_238039105_02201.wav,
audio/NAWA_238039100_00501.wav,
audio/NAWA_2330-54664_0201.wav,
audio/NAWA_2330-54664_0801.wav,
audio/NAWA2901.wav,
audio/NAWA_238039427_31301.wav,
audio/NAWA4501.wav,
audio/NAWA_238039280_10701.wav,
audio/NAWA_238039250_09601.wav,
audio/NAWA_238039418_24201.wav,
audio/NAWA_238039427_27101.wav,
audio/NAWA_238039280_10801.wav,
audio/NAWA_238039427_28601.wav,
audio/NAWA_238038329_0701.wav,
audio/NAWA_238039427_34101.wav,
audio/NAWA_238039105_03401.wav,
audio/NAWA_238039514_0201.wav,
audio/NAWA4001.wav,
audio/NAWA_238039427_35001.wav,
audio/NAWA_238039427_31601.wav,
audio/NAWA3101.wav,
audio/NAWA_238039105_02801.wav,
audio/NAWA_238039427_26401.wav,
audio/NAWA_238039280_11101.wav,
audio/NAWA1701.wav,
audio/NAWA_238039427_34301.wav,
audio/NAWA_238039394_1801.wav,
audio/NAWA_238039280_11201.wav,
audio/NAWA_238039100_00101.wav,
audio/NAWA_238038329_0301.wav,
audio/NAWA_238039394_3201.wav,
audio/NAWA_238039105_01701.wav,
audio/NAWA_238039427_28001.wav,
audio/NAWA_238039427_27801.wav,
audio/NAWA_238039394_2901.wav,
audio/NAWA_238039427_31901.wav,
audio/NAWA_238039427_29401.wav,
audio/NAWA_238039466_6301.wav,
audio/NAWA_HY-M_2380385470501.wav,
audio/NAWA_238039105_02501.wav,
audio/NAWA_238039466_6401.wav,
audio/NAWA_238039375_15401.wav,
audio/NAWA_238039394_2201.wav,
audio/NAWA_238039418_24501.wav,
audio/NAWA_238039418_24701.wav,
audio/NAWA_238039427_27401.wav,
audio/NAWA_238039466_7301.wav,
audio/NAWA_238039427_31101.wav,
audio/NAWA_238039375_15001.wav,
audio/NAWA_238039250_08201.wav,
audio/NAWA5401.wav,
audio/NAWA1201.wav,
audio/NAWA2101.wav,
audio/NAWA_238039427_34201.wav,
audio/NAWA_2330-54664_1001.wav,
audio/NAWA_238039394_2501.wav,
audio/NAWA1501.wav,
audio/NAWA_238039427_28401.wav,
audio/NAWA_238039388_18501.wav,
audio/NAWA_238039427_32501.wav,
audio/NAWA_238039100_00601.wav,
audio/NAWA_238039375_15501.wav,
audio/NAWA_238039466_7401.wav,
audio/NAWA_238039466_5801.wav,
audio/NAWA_238039250_08001.wav,
audio/NAWA_238039394_19501.wav,
audio/NAWA_238039250_08101.wav,
audio/NAWA3701.wav,
audio/NAWA_238039466_5301.wav,
audio/NAWA_238039427_32801.wav,
audio/NAWA_238039427_31001.wav,
audio/NAWA_238039427_33001.wav,
audio/NAWA3901.wav,
audio/NAWA_238039466_5601.wav,
audio/NAWA_238039250_09501.wav,
audio/NAWA_238039427_30901.wav,
audio/NAWA_238038329_0201.wav,
audio/NAWA_238039574_8901.wav,
audio/NAWA5001.wav,
audio/NAWA_238039574_0101.wav,
audio/NAWA_238039388_17401.wav,
audio/NAWA_238038329_0101.wav,
audio/NAWA_238039105_02301.wav,
audio/NAWA1001.wav,
audio/NAWA_238039574_0201.wav,
audio/NAWA_238039427_30501.wav,
audio/NAWA0101.wav,
audio/NAWA_238039514_1001.wav,
audio/NAWA_238039280_12001.wav,
audio/NAWA_238039427_27901.wav,
audio/NAWA_238039514_0101.wav,
audio/NAWA_238039105_03201.wav,
audio/NAWA_238039105_01201.wav,
audio/NAWA_238039468_7901.wav,
audio/NAWA_238039466_5501.wav,
audio/NAWA2401.wav,
audio/NAWA_238039388_17701.wav,
audio/NAWA_238039418_25201.wav,
audio/NAWA_238039280_13001.wav,
audio/NAWA_238039427_29001.wav,
audio/NAWA_238039427_28901.wav,
audio/NAWA_238039105_03101.wav,
audio/NAWA_238039466_6001.wav,
audio/NAWA_238039394_2801.wav,
audio/NAWA_238039402_21801.wav,
audio/NAWA_238039300_13101.wav,
audio/NAWA_238039170_06601.wav,
audio/NAWA0801.wav,
audio/NAWA_238039418_23201.wav,
audio/NAWA_238039395_19701.wav,
audio/NAWA_238039466_7501.wav,
audio/NAWA_238039170_06201.wav,
audio/NAWA5901.wav,
audio/NAWA3601.wav,
audio/NAWA_238039427_34001.wav,
audio/NAWA6001.wav,
audio/NAWA0301.wav,
audio/NAWA_238039427_27301.wav,
audio/NAWA1101.wav,
audio/NAWA_238039427_32301.wav,
audio/NAWA2501.wav,
audio/NAWA_238039418_24101.wav,
audio/NAWA_238039394_2601.wav,
audio/NAWA_HY-M_2380385470401.wav,
audio/NAWA_238039280_12901.wav,
audio/NAWA_238039105_02401.wav,
audio/NAWA_238039375_14501.wav,
audio/NAWA_238039375_15201.wav,
audio/NAWA_238039427_29501.wav,
audio/NAWA4301.wav,
audio/NOPA1801.wav,
audio/NOPA2330535481301.wav,
audio/NOPA2330535480101.wav,
audio/NOPA2330535481201.wav,
audio/NOPA2330535482901.wav,
audio/NOPA3301.wav,
audio/NOPA2801.wav,
audio/NOPA3001.wav,
audio/NOPA3901.wav,
audio/NOPA1901.wav,
audio/NOPA2330535481401.wav,
audio/NOPA2701.wav,
audio/NOPA3701.wav,
audio/NOPA2001.wav,
audio/NOPA2330535483001.wav,
audio/NOPA1001.wav,
audio/NOPA2330535482401.wav,
audio/NOPA3401.wav,
audio/NOPA1301.wav,
audio/NOPA0201.wav,
audio/NOPA2330535480401.wav,
audio/NOPA2301.wav,
audio/NOPA2201.wav,
audio/NOPA1401.wav,
audio/NOPA3101.wav,
audio/NOPA2330535481101.wav,
audio/NOPA4001.wav,
audio/NOPA2330535480501.wav,
audio/NOPA0701.wav,
audio/NOPA0301.wav,
audio/NOPA3601.wav,
audio/NOPA2330535482501.wav,
audio/NOPA2330535482801.wav,
audio/NOWA0801.wav,
audio/NOWA0701.wav,
audio/NOWA1501.wav,
audio/NOWA_188123783_3201.wav,
audio/NOWA_188123783_2101.wav,
audio/NOWA1801.wav,
audio/NOWA1401.wav,
audio/NOWA0601.wav,
audio/NOWA1101.wav,
audio/NOWA0501.wav,
audio/NOWA2301.wav,
audio/NOWA_188123776_1701.wav,
audio/NOWA_188123754_0801.wav,
audio/NOWA_188123783_3601.wav,
audio/NOWA0101.wav,
audio/NOWA_191114848_0101.wav,
audio/NOWA1701.wav,
audio/NOWA_188123776_1301.wav,
audio/NOWA_188123783_3101.wav,
audio/NOWA2001.wav,
audio/NOWA_188123783_3501.wav,
audio/NOWA_188123754_0901.wav,
audio/NOWA0301.wav,
audio/NOWA_188123776_1401.wav,
audio/NOWA_188123776_1601.wav,
audio/OCWA2501.wav,
audio/OCWAAZ20052101.wav,
audio/OCWA2401.wav,
audio/OCWA4601.wav,
audio/OCWA0201.wav,
audio/OCWA4501.wav,
audio/OCWA5001.wav,
audio/OCWA3001.wav,
audio/OCWAAZ20052501.wav,
audio/OCWAAZ20050201.wav,
audio/OCWA3801.wav,
audio/OCWAAZ20051701.wav,
audio/OCWAAZ20051001.wav,
audio/OCWAAZ20050101.wav,
audio/OCWAAZ20050301.wav,
audio/OCWAAZ20051201.wav,
audio/OCWAAZ20052001.wav,
audio/OCWA0101.wav,
audio/OCWA2701.wav,
audio/OCWA2101.wav,
audio/OCWA0301.wav,
audio/OCWA0801.wav,
audio/OCWAAZ20050901.wav,
audio/OCWAAZ20050501.wav,
audio/OCWA1101.wav,
audio/OCWA4801.wav,
audio/OCWAAZ20050801.wav,
audio/OCWA5201.wav,
audio/OCWAAZ20050701.wav,
audio/OCWA0501.wav,
audio/OCWAAZ20050401.wav,
audio/OCWA0401.wav,
audio/OCWAAZ20051801.wav,
audio/OCWA1001.wav,
audio/OCWA3401.wav,
audio/OCWA1301.wav,
audio/OCWA3701.wav,
audio/OCWA2301.wav,
audio/OCWA3901.wav,
audio/OVEN_191114674_0201.wav,
audio/OVENFC4301.wav,
audio/OVEN_191114955_17701.wav,
audio/OVENFC3001.wav,
audio/OVEN_191114674_9501.wav,
audio/OVENFC3101.wav,
audio/OVEN_191114902_07401.wav,
audio/OVEN_191114902_04001.wav,
audio/OVEN_191114674_3701.wav,
audio/OVEN_191114955_19901.wav,
audio/OVEN_191115107_22301.wav,
audio/OVEN_191114955_18601.wav,
audio/OVENFC2401.wav,
audio/OVEN_191114955_17601.wav,
audio/OVEN_191114955_15401.wav,
audio/OVEN_191114797_1801.wav,
audio/OVEN_191114674_4301.wav,
audio/OVEN_191114874_01401.wav,
audio/OVENFC4101.wav,
audio/OVEN_191114674_1101.wav,
audio/OVEN_191114902_05601.wav,
audio/OVEN_191114797_0401.wav,
audio/OVEN_191114674_2001.wav,
audio/OVEN_191114674_1401.wav,
audio/OVEN_191114797_1101.wav,
audio/OVENFC0701.wav,
audio/OVEN_191114674_0001.wav,
audio/OVEN_191114762_2101.wav,
audio/OVENFC4001.wav,
audio/OVEN_191114938_13801.wav,
audio/OVEN_191114674_4601.wav,
audio/OVEN_191114762_2601.wav,
audio/OVEN_191114762_1501.wav,
audio/OVEN_191114902_09201.wav,
audio/OVEN_191114902_03801.wav,
audio/OVENFC1401.wav,
audio/OVENFC2201.wav,
audio/OVEN_191114762_1101.wav,
audio/OVENFC0101.wav,
audio/OVEN_191114674_7001.wav,
audio/OVEN_191114902_02201.wav,
audio/OVEN_191114955_19601.wav,
audio/OVEN_191114902_04601.wav,
audio/OVEN_191114955_19201.wav,
audio/OVEN_191114902_10601.wav,
audio/OVEN_191114955_13901.wav,
audio/OVEN_191114841_00401.wav,
audio/OVEN_191114674_8301.wav,
audio/OVENFC4801.wav,
audio/OVEN_191114902_09401.wav,
audio/OVEN_191114955_14001.wav,
audio/OVEN_191114674_3801.wav,
audio/OVEN_191114674_5501.wav,
audio/OVEN_191114955_14101.wav,
audio/OVEN_191114675_0201.wav,
audio/OVEN_191114955_17101.wav,
audio/OVEN_191114955_19801.wav,
audio/OVEN_191114933_13501.wav,
audio/OVEN_191114674_6601.wav,
audio/OVEN_191114902_10801.wav,
audio/OVEN_191114674_3901.wav,
audio/OVEN_191115107_21901.wav,
audio/OVEN_191114955_17901.wav,
audio/OVEN_191114902_10001.wav,
audio/OVEN_191114766_0401.wav,
audio/OVENFC2801.wav,
audio/OVENFC3501.wav,
audio/OVEN_191114674_2901.wav,
audio/OVEN_191114902_11601.wav,
audio/OVENFC1201.wav,
audio/OVENFC4901.wav,
audio/OVEN_191114902_05001.wav,
audio/OVEN_191114955_18701.wav,
audio/OVENFC4401.wav,
audio/OVEN_191114955_18101.wav,
audio/OVEN_191114902_08101.wav,
audio/OVEN_191114902_01801.wav,
audio/OVENFC3901.wav,
audio/OVEN_191114766_0701.wav,
audio/OVEN_191114902_08301.wav,
audio/OVEN_191114955_17301.wav,
audio/OVEN_191114674_1301.wav,
audio/OVEN_191114674_3301.wav,
audio/OVEN_191114674_2701.wav,
audio/OVEN_191114955_20101.wav,
audio/OVENFC4601.wav,
audio/OVEN_191114762_2801.wav,
audio/OVEN_191114902_04701.wav,
audio/OVEN_191114674_2601.wav,
audio/OVEN_191115107_22101.wav,
audio/OVEN_191114674_5801.wav,
audio/OVEN_191114955_15701.wav,
audio/OVEN_191114674_7901.wav,
audio/OVEN_191114753_0201.wav,
audio/OVEN_191114674_3201.wav,
audio/OVEN_191114675_0901.wav,
audio/OVEN_191114841_00501.wav,
audio/OVEN_191114762_2401.wav,
audio/OVENFC3801.wav,
audio/OVEN_191114902_07301.wav,
audio/OVEN_191114902_04901.wav,
audio/OVEN_191114902_03301.wav,
audio/OVEN_191114674_4101.wav,
audio/OVENFC3201.wav,
audio/OVEN_191114841_00701.wav,
audio/OVEN_191114902_03901.wav,
audio/OVEN_191114902_04501.wav,
audio/OVEN_191114902_11101.wav,
audio/OVENFC1301.wav,
audio/OVEN_191114762_0601.wav,
audio/OVEN_191114902_02901.wav,
audio/OVEN_191114902_10701.wav,
audio/OVEN_191114955_16901.wav,
audio/OVEN_191114674_9401.wav,
audio/OVENFC3601.wav,
audio/OVENFC5001.wav,
audio/OVEN_191114841_00101.wav,
audio/OVEN_191114675_1501.wav,
audio/OVEN_191114955_14901.wav,
audio/OVEN_191114674_0801.wav,
audio/OVEN_191114955_14501.wav,
audio/OVEN_191114674_0901.wav,
audio/OVEN_191114674_5901.wav,
audio/OVEN_191114955_16401.wav,
audio/OVEN_191114674_5601.wav,
audio/OVEN_191114902_06301.wav,
audio/OVEN_191115052_21601.wav,
audio/OVEN_191114955_18901.wav,
audio/OVEN_191114902_03201.wav,
audio/OVEN_191114955_16801.wav,
audio/OVEN_191114955_18501.wav,
audio/OVEN_191114902_09301.wav,
audio/OVEN_191114902_06801.wav,
audio/OVEN_191114674_3601.wav,
audio/OVEN_191115107_22001.wav,
audio/OVENFC2601.wav,
audio/OVEN_191114675_0701.wav,
audio/OVEN_191114766_0301.wav,
audio/OVEN_191114674_5301.wav,
audio/OVEN_191114675_0801.wav,
audio/OVENFC1601.wav,
audio/OVEN_191114753_0101.wav,
audio/OVEN_191114933_13201.wav,
audio/OVENFC1001.wav,
audio/OVEN_191114902_10201.wav,
audio/OVEN_191114674_9101.wav,
audio/OVEN_191114955_14401.wav,
audio/OVEN_191114955_20601.wav,
audio/OVEN_191114902_05101.wav,
audio/OVENFC5301.wav,
audio/OVEN_191114955_14701.wav,
audio/OVEN_191114955_15801.wav,
audio/OVEN_191114955_14801.wav,
audio/OVEN_191114674_8201.wav,
audio/OVEN_191114762_2501.wav,
audio/OVEN_191114955_15901.wav,
audio/OVEN_191114674_0101.wav,
audio/OVEN_191114955_17201.wav,
audio/OVEN_191114955_15301.wav,
audio/OVEN_191114674_2801.wav,
audio/OVEN_191114955_14201.wav,
audio/PAWAFC2701.wav,
audio/PAWAFC2401.wav,
audio/PAWA_235083381_06701.wav,
audio/PAWA_235083381_10301.wav,
audio/PAWA_235083381_05601.wav,
audio/PAWAFC3101.wav,
audio/PAWA_235083381_09001.wav,
audio/PAWA_235083381_06601.wav,
audio/PAWAFC1201.wav,
audio/PAWAFC3301.wav,
audio/PAWA_235083381_07501.wav,
audio/PAWAFC2101.wav,
audio/PAWA_235083928_3701.wav,
audio/PAWA_235083381_05901.wav,
audio/PAWA_235083928_1301.wav,
audio/PAWAFC1101.wav,
audio/PAWA_235083689_04801.wav,
audio/PAWA_235083689_02901.wav,
audio/PAWA_235083381_06501.wav,
audio/PAWA_235083928_0801.wav,
audio/PAWA_235083928_2501.wav,
audio/PAWA_235083689_05001.wav,
audio/PAWAFC1701.wav,
audio/PAWAFC2801.wav,
audio/PAWA_235083381_07701.wav,
audio/PAWAFC0301.wav,
audio/PAWA_235083689_04001.wav,
audio/PAWAFC1901.wav,
audio/PAWA_235083478_02001.wav,
audio/PAWA_235083478_02301.wav,
audio/PAWA_235083689_04201.wav,
audio/PAWA_235083928_5401.wav,
audio/PAWA_235083928_1101.wav,
audio/PAWAFC3601.wav,
audio/PAWA_235083928_4601.wav,
audio/PAWAFC1501.wav,
audio/PAWA_235083381_09301.wav,
audio/PAWA_235083435_00801.wav,
audio/PAWA_235084402_0301.wav,
audio/PAWA_235083381_10101.wav,
audio/PAWA_235083381_09901.wav,
audio/PAWA_235083928_1201.wav,
audio/PAWA_235083478_02101.wav,
audio/PAWA_235083928_3501.wav,
audio/PAWA_235083928_4701.wav,
audio/PAWAFC3001.wav,
audio/PAWA_235083689_04501.wav,
audio/PAWA_235083928_4101.wav,
audio/PAWA_235083381_08501.wav,
audio/PAWA_235083928_3801.wav,
audio/PAWA_235083381_09101.wav,
audio/PAWA_235083928_1801.wav,
audio/PAWA_235083689_03301.wav,
audio/PAWA_235083381_08701.wav,
audio/PAWAFC2201.wav,
audio/PAWA_235083381_06901.wav,
audio/PAWA_235083928_4401.wav,
audio/PAWA_235083381_05501.wav,
audio/PAWA_235083435_01801.wav,
audio/PAWA_235084402_0501.wav,
audio/PAWA_235083928_2401.wav,
audio/PAWA_235083381_08901.wav,
audio/PAWA_235083381_10201.wav,
audio/PAWA_235083381_07401.wav,
audio/PAWA_235083435_01701.wav,
audio/PAWA_235083928_3601.wav,
audio/PAWA_235083381_06001.wav,
audio/PAWA_235084402_0601.wav,
audio/PAWAFC3501.wav,
audio/PAWA_235083381_08401.wav,
audio/PAWA_235083928_1001.wav,
audio/PAWAFC2301.wav,
audio/PAWA_235083928_3301.wav,
audio/PAWAFC3701.wav,
audio/PAWAFC2001.wav,
audio/PAWA_235083928_5501.wav,
audio/PAWAFC0501.wav,
audio/PAWA_235083928_3401.wav,
audio/PAWA_235084402_0401.wav,
audio/PAWAFC0201.wav,
audio/PAWA_235083928_2901.wav,
audio/PAWA_235083689_02801.wav,
audio/PAWA_235083689_03201.wav,
audio/PAWA_235083381_09501.wav,
audio/PAWA_235083381_07301.wav,
audio/PIWAFC2701.wav,
audio/PIWAFC4401.wav,
audio/PIWA_238083980_0401.wav,
audio/PIWAFC3901.wav,
audio/PIWA_238083980_0301.wav,
audio/PIWAFC1301.wav,
audio/PIWAFC2301.wav,
audio/PIWAFC1001.wav,
audio/PIWAFC3801.wav,
audio/PIWAFC0701.wav,
audio/PIWAFC4101.wav,
audio/PIWAFC2901.wav,
audio/PIWAFC0301.wav,
audio/PIWA_238083980_0201.wav,
audio/PIWAFC2801.wav,
audio/PIWAFC4901.wav,
audio/PIWAFC4201.wav,
audio/PIWAFC4301.wav,
audio/PIWAFC3001.wav,
audio/PIWAFC3101.wav,
audio/PIWAFC1601.wav,
audio/PIWAFC1701.wav,
audio/PIWA_238083980_0701.wav,
audio/PIWAFC0201.wav,
audio/PIWAFC3701.wav,
audio/PIWAFC1901.wav,
audio/PIWAFC4001.wav,
audio/PIWAFC2201.wav,
audio/PIWAFC2501.wav,
audio/PRAWFC4301.wav,
audio/PRAWFC1801.wav,
audio/PRAWFC3401.wav,
audio/PRAWFC1401.wav,
audio/PRAWFC0901.wav,
audio/PRAWFC1201.wav,
audio/PRAWFC0801.wav,
audio/PRAWFC4001.wav,
audio/PRAWFC2101.wav,
audio/PRAWFC4101.wav,
audio/PRAWFC3301.wav,
audio/PRAWFC4201.wav,
audio/PRAWFC3001.wav,
audio/PRAWFC3601.wav,
audio/PRAWFC1101.wav,
audio/PRAWFC1001.wav,
audio/PRAWFC1601.wav,
audio/PRAWFC3701.wav,
audio/PRAWFC2601.wav,
audio/PRAWFC2701.wav,
audio/PRAWFC3801.wav,
audio/PRAWFC0301.wav,
audio/PROWFC2301.wav,
audio/PROWFC1401.wav,
audio/PROWFC1201.wav,
audio/PROWFC0301.wav,
audio/PROWFC1601.wav,
audio/PROWFC2501.wav,
audio/PROWFC2401.wav,
audio/PROWFC0401.wav,
audio/PROWFC1301.wav,
audio/PROWFC1801.wav,
audio/PROWFC2001.wav,
audio/PROWFC0601.wav,
audio/RFWAAZ20051101.wav,
audio/RFWAAZ20050501.wav,
audio/RFWAAZ20051301.wav,
audio/RFWAAZ20050301.wav,
audio/RFWAAZ20050801.wav,
audio/RFWAAZ20050101.wav,
audio/TEWA_238083931_5101.wav,
audio/TEWA_238039550_4701.wav,
audio/TEWA_238039387_1401.wav,
audio/TEWA_238039550_4901.wav,
audio/TEWA_238039550_3801.wav,
audio/TEWA_238039387_0201.wav,
audio/TEWA2330535550401.wav,
audio/TEWA_238039550_6701.wav,
audio/TEWAFC1401.wav,
audio/TEWA2330535420501.wav,
audio/TEWAFC3901.wav,
audio/TEWA_238039462_2101.wav,
audio/TEWA_238039387_2401.wav,
audio/TEWA_238039387_2201.wav,
audio/TEWA_238039462_0701.wav,
audio/TEWA_238039550_2501.wav,
audio/TEWA_238039406_9701.wav,
audio/TEWAFC0301.wav,
audio/TEWAFC4201.wav,
audio/TEWA_238039550_7201.wav,
audio/TEWA_238039550_3501.wav,
audio/TEWAFC3001.wav,
audio/TEWA_238039550_6001.wav,
audio/TEWA2330538500101.wav,
audio/TEWA2330535420301.wav,
audio/TEWA_238039406_8401.wav,
audio/TEWA_238039550_7701.wav,
audio/TEWA_238039462_0201.wav,
audio/TEWAFC1101.wav,
audio/TEWA_238039550_2901.wav,
audio/TEWA_238039550_8601.wav,
audio/TEWAFC2801.wav,
audio/TEWA_238039550_6601.wav,
audio/TEWA_238039406_8901.wav,
audio/TEWA_238039387_3301.wav,
audio/TEWA_238039387_0601.wav,
audio/TEWAFC3201.wav,
audio/TEWA_238083931_4801.wav,
audio/TEWA2330538500301.wav,
audio/TEWA2380393872001.wav,
audio/TEWA2330539251301.wav,
audio/TEWA_238083931_7101.wav,
audio/TEWA_238083931_7001.wav,
audio/TEWA_238039462_1101.wav,
audio/TEWA_238083931_6901.wav,
audio/TEWA2330539251101.wav,
audio/TEWA_238083931_4501.wav,
audio/TEWA2330535460401.wav,
audio/TEWA_238039550_8201.wav,
audio/TEWA2380393870901.wav,
audio/TEWA_238039387_3101.wav,
audio/TEWAFC3601.wav,
audio/TEWA_238039406_9101.wav,
audio/TEWA_238083931_3501.wav,
audio/TEWA_238039550_3101.wav,
audio/TEWA2380393870201.wav,
audio/TEWA_238083931_4101.wav,
audio/TEWA_238039387_0401.wav,
audio/TEWA2330539240201.wav,
audio/TEWAFC5101.wav,
audio/TEWA_238039550_3601.wav,
audio/TEWA_238039387_2001.wav,
audio/TEWA2380393873201.wav,
audio/TEWA_238039406_8001.wav,
audio/TEWAFC0101.wav,
audio/TEWA_238039550_4201.wav,
audio/TEWA_238039550_4501.wav,
audio/TEWAFC1801.wav,
audio/TEWA_238039462_2301.wav,
audio/TEWA2380393872201.wav,
audio/TEWA_238039550_9101.wav,
audio/TEWAFC0801.wav,
audio/TEWA2330535421201.wav,
audio/TEWAFC1001.wav,
audio/TEWA2330535460301.wav,
audio/TEWA_238039550_4801.wav,
audio/TEWA2380393870701.wav,
audio/TEWAFC1601.wav,
audio/TEWAFC3101.wav,
audio/TEWA_238039550_8701.wav,
audio/TEWAFC2501.wav,
audio/TEWA2330535550501.wav,
audio/TEWA_238039462_0501.wav,
audio/TEWA_238039387_1801.wav,
audio/TEWA_238039550_8101.wav,
audio/TEWA_238039550_8801.wav,
audio/TEWA_238039550_7801.wav,
audio/TEWA2380393872801.wav,
audio/TEWA_238039550_2601.wav,
audio/TEWA_238039550_7001.wav,
audio/TEWA2330535460501.wav,
audio/TEWA2330535460201.wav,
audio/TEWAFC0701.wav,
audio/TEWA_238039550_9201.wav,
audio/TEWAFC4301.wav,
audio/TEWA_238039387_2501.wav,
audio/TEWA2330539250301.wav,
audio/TEWA2330535550601.wav,
audio/TEWA_238039550_9501.wav,
audio/TEWA2330539240101.wav,
audio/TEWA2380393870401.wav,
audio/TEWA_238039387_0701.wav,
audio/TEWAFC4801.wav,
audio/TEWAFC3501.wav,
audio/TEWAFC2301.wav,
audio/TEWA_238039406_8501.wav,
audio/TEWA_238083931_4001.wav,
audio/TEWAFC1301.wav,
audio/TEWAFC4501.wav,
audio/TEWA_238039550_9801.wav,
audio/TEWA_238083931_6301.wav,
audio/TEWA_238039406_7801.wav,
audio/TEWA2330535420101.wav,
audio/TEWAFC4701.wav,
audio/TEWA_238039550_9301.wav,
audio/TEWA_238039550_8301.wav,
audio/TEWAFC3701.wav,
audio/TEWA2380393871201.wav,
audio/TEWAFC4401.wav,
audio/TEWA_238039462_1001.wav,
audio/TEWA_238039462_0601.wav,
audio/TEWA2330535421101.wav,
audio/TEWA_238039406_9301.wav,
audio/TEWA_238039550_6201.wav,
audio/TEWA2330535550801.wav,
audio/TEWAFC4001.wav,
audio/TEWA_238039406_9901.wav,
audio/TEWAFC0501.wav,
audio/TEWA_238083931_7201.wav,
audio/TEWA2330535461901.wav,
audio/TEWA_238039550_8901.wav,
audio/TEWA_238039406_8701.wav,
audio/TEWA_238039550_6101.wav,
audio/TEWA2330535420601.wav,
audio/TOWAFC1001.wav,
audio/TOWAFC1601.wav,
audio/TOWAFC1301.wav,
audio/TOWAFC0201.wav,
audio/TOWAFC0301.wav,
audio/TOWAFC1501.wav,
audio/TOWAFC0501.wav,
audio/TOWAFC1101.wav,
audio/TOWAFC0901.wav,
audio/VIWA_AZ2005_1101.wav,
audio/VIWA_HY-M_2380385050801.wav,
audio/VIWA_HY-M_2380385051701.wav,
audio/VIWA_AZ2005_2101.wav,
audio/VIWA_HY-M_2380385071001.wav,
audio/VIWA_2330-554140601.wav,
audio/VIWA_AZ2005_0701.wav,
audio/VIWA_HY-M_2380385051501.wav,
audio/VIWA_HY-M_2330-55406.wav,
audio/VIWA_HY-M_2380385070701.wav,
audio/VIWA_HY-M_2330-55399.wav,
audio/VIWA_HY-F_2330-554750101.wav,
audio/VIWA_AZ2005_2301.wav,
audio/VIWA_2330-554140401.wav,
audio/VIWA_HY-M_2330553960201.wav,
audio/VIWA_HY-M_2380385070501.wav,
audio/VIWA_HY-M_2380385070901.wav,
audio/VIWA_HY-M_2380385071801.wav,
audio/VIWA_HY-M_2380385071301.wav,
audio/VIWA_HY-M_2380385051201.wav,
audio/VIWA_AZ2005_1801.wav,
audio/VIWA_HY-M_2380385050501.wav,
audio/VIWA_AZ2005_2001.wav,
audio/VIWA_AZ2005_1001.wav,
audio/VIWA_HY-M_2380385071701.wav,
audio/VIWA_HY-M_2380385072001.wav,
audio/VIWA_2330-554140501.wav,
audio/VIWA_HY-M_2380385070301.wav,
audio/VIWA_HY-M_2380385070601.wav,
audio/VIWA_HY-M_2380385070801.wav,
audio/WEWAFC1701.wav,
audio/WEWAFC3801.wav,
audio/WEWAFC3101.wav,
audio/WEWAFC4201.wav,
audio/WEWAFC0301.wav,
audio/WEWAFC2201.wav,
audio/WEWAFC2401.wav,
audio/WEWAFC3901.wav,
audio/WEWAFC1001.wav,
audio/WEWAFC2001.wav,
audio/WEWAFC3001.wav,
audio/WEWAFC1601.wav,
audio/WEWAFC3501.wav,
audio/WEWAFC2901.wav,
audio/WEWAFC1801.wav,
audio/WEWAFC3701.wav,
audio/WEWAFC0901.wav,
audio/WEWAFC2501.wav,
audio/WEWAFC1501.wav,
audio/WEWAFC0201.wav,
audio/WEWAFC1201.wav,
audio/WIWAFC0801.wav,
audio/WIWAFC1101.wav,
audio/WIWAFC0701.wav,
audio/WIWAFC1001.wav,
audio/WIWAFC0501.wav,
audio/YEWAFC2201.wav,
audio/YEWAFC0901.wav,
audio/YEWAFC5001.wav,
audio/YEWAFC0201.wav,
audio/YEWAFC2501.wav,
audio/YEWAFC4101.wav,
audio/YEWAFC3901.wav,
audio/YEWAFC5701.wav,
audio/YEWAFC4901.wav,
audio/YEWAFC4401.wav,
audio/YEWAFC0801.wav,
audio/YEWAFC3401.wav,
audio/YEWAFC5101.wav,
audio/YEWAFC5801.wav,
audio/YEWAFC1801.wav,
audio/YEWAFC2801.wav,
audio/YEWAFC2701.wav,
audio/YEWAFC1501.wav,
audio/YEWAFC5301.wav,
audio/YEWAFC2101.wav,
audio/YEWAFC1901.wav,
audio/YEWAFC4601.wav,
audio/YEWAFC3701.wav,
audio/YEWAFC1301.wav,
audio/YEWAFC3801.wav,
audio/YEWAFC3501.wav,
audio/YEWAFC5501.wav,
audio/YEWAFC3601.wav,
audio/YEWAFC3301.wav,
audio/YEWAFC4801.wav,
audio/YEWAFC5401.wav,
audio/YRWA_MYWA_F_1501.wav,
audio/YRWA_AUWA_AZ2005_0801.wav,
audio/YRWA_235084563_4701.wav,
audio/YRWA_MYWA_F_3501.wav,
audio/YRWA_MYWA_F_2701.wav,
audio/YRWAFC2401.wav,
audio/YRWA_235084456_7901.wav,
audio/YRWA_MYWA_F_0101.wav,
audio/YRWA_235084563_5301.wav,
audio/YRWAFC2201.wav,
audio/YRWA_MYWA_2_8401.wav,
audio/YRWA_MYWA_F_3001.wav,
audio/YRWA_MYWA_F_1901.wav,
audio/YRWA_235084456_6401.wav,
audio/YRWA_235084784_2201.wav,
audio/YRWA_235084784_1201.wav,
audio/YRWA_235084456_8301.wav,
audio/YRWA_235084784_2301.wav,
audio/YRWA_235084563_5801.wav,
audio/YRWA_235084557_3001.wav,
audio/YRWA_235084435_2101.wav,
audio/YRWA_AUWA_AZ2005_0501.wav,
audio/YRWA_235084456_7001.wav,
audio/YRWA_AUWAAZ20050801.wav,
audio/YRWA_235084784_0701.wav,
audio/YRWA_MYWA_F_2901.wav,
audio/YRWA_235084238_5401.wav,
audio/YRWA_235084784_1901.wav,
audio/YRWA_AUWA_AZ2005_0401.wav,
audio/YRWA_235084238_5601.wav,
audio/YRWA_MYWA_F_3901.wav,
audio/YRWA_235084435_3601.wav,
audio/YRWA_MYWA_F_4501.wav,
audio/YRWA_235084098_6601.wav,
audio/YRWA_235084456_7401.wav,
audio/YRWA_235084557_3401.wav,
audio/YRWA_MYWA_2_8301.wav,
audio/YRWA_235084456_8501.wav,
audio/YRWAFC1001.wav,
audio/YRWA_235084435_2801.wav,
audio/YRWA_235084456_9401.wav,
audio/YRWA_AUWAAZ20050401.wav,
audio/YRWA_235084435_3301.wav,
audio/YRWA_235084435_4301.wav,
audio/YRWAFC1201.wav,
audio/YRWA_MYWA_F_5201.wav,
audio/YRWA_235084456_6701.wav,
audio/YRWA_235084456_6901.wav,
audio/YRWAFC0101.wav,
audio/YRWAFC0601.wav,
audio/YRWA_MYWA_F_2601.wav,
audio/YRWAFC1101.wav,
audio/YRWA_235084563_5101.wav,
audio/YRWAFC3001.wav,
audio/YRWA_235084563_6001.wav,
audio/YRWA_235084161_7301.wav,
audio/YRWA_235084161_7201.wav,
audio/YRWA_AZ2005_1201.wav,
audio/YRWA_MYWA_F_0701.wav,
audio/YRWA_AUWA_AZ2005_1001.wav,
audio/YRWA_MYWA_F_3801.wav,
audio/YRWAFC2701.wav,
audio/YRWA_MYWA_F_2801.wav,
audio/YRWA_MYWA_F_2501.wav,
audio/YRWA_MYWA_F_4901.wav,
audio/YRWA_235084238_6001.wav,
audio/YRWA_235084238_6101.wav,
audio/YRWA_MYWA_F_0601.wav,
audio/YRWA_235084435_4201.wav,
audio/YRWA_235084435_1801.wav,
audio/YRWA_MYWA_2_9401.wav,
audio/YRWA_MYWA_F_4001.wav,
audio/YRWA_AUWA_AZ2005_0301.wav,
audio/YRWAFC0701.wav,
audio/YRWA_MYWA_2_4901.wav,
audio/YRWA_235084784_0201.wav,
audio/YRWA_AUWA_AZ2005_0101.wav,
audio/YRWAFC1601.wav,
audio/YRWAFC1801.wav,
audio/YRWA_235084784_0501.wav,
audio/YRWA_235084098_6401.wav,
audio/YRWA_235084784_2401.wav,
audio/YRWA_235084435_1901.wav,
audio/YRWAFC1901.wav,
audio/YRWA_235084456_9001.wav,
audio/YRWA_235084435_3501.wav,
audio/YRWA_AUWA_AZ2005_0701.wav,
audio/YRWA_MYWA_2_8501.wav,
audio/YRWA_MYWA_2_0801.wav,
audio/YRWA_MYWA_F_3601.wav,
audio/YRWA_MYWA_2_5001.wav,
audio/YRWA_235084563_5201.wav,
audio/YRWA_MYWA_F_4701.wav,
audio/YRWA_235084784_2001.wav,
audio/YRWA_235084784_1401.wav,
audio/YRWA_MYWA_F_5101.wav,
audio/YRWA_235084435_1601.wav,
audio/YRWA_235084238_6301.wav,
audio/YTWAFC0201.wav,
audio/YTWAFC1001.wav,
audio/YTWAFC0101.wav,
audio/YTWAFC0501.wav,
audio/YTWAFC1601.wav,
audio/YTWAFC1401.wav,
audio/YTWAFC1301.wav,
audio/YTWAFC0701.wav,
